anahtar_kelime,kac_kez
kardeşlik,35
dua,34
gazze,30
sabır,28
şehitlik,26
kurban bayramı,25
aile,24
merhamet,23
dayanışma,23
ramazan,23
takva,21
salih amel,21
ibadet,21
iman,21
vatan sevgisi,20
israf,20
helal kazanç,20
hesap günü,20
kul hakkı,19
tevekkül,18
güzel ahlak,18
gençlik,17
namaz,16
tövbe,15
oruç,15
tevhid,15
yardımlaşma,15
ramazan bayramı,14
paylaşma,14
üç aylar,14
ahlak,14
kulluk,14
infak,13
mağfiret,12
hicret,12
birlik ve beraberlik,12
ahiret,12
filistin,12
sıla-i rahim,12
adalet,12
cami,12
milli birlik,11
mevlid-i nebi,11
insan onuru,11
çanakkale zaferi,11
çocuk eğitimi,11
kadir gecesi,11
istikamet,11
dürüstlük,11
kerbela,10
muharrem ayı,10
muhasebe,10
hicri yılbaşı,10
samimiyet,10
sadaka,10
sorumluluk bilinci,10
iyilik,10
kulluk bilinci,10
iman esasları,10
15 temmuz,10
hz. hüseyin,9
peygamber sevgisi,9
bereket,9
hayâ,9
imtihan,9
iffet,9
mescid-i aksa,9
şefkat,9
zekât,9
şükür,9
evlilik,9
vicdan,8
eşitlik,8
sosyal medya,8
mahremiyet,8
anne baba hakkı,8
ticaret ahlakı,8
berat gecesi,8
birlik beraberlik,8
yardım kampanyası,7
teslimiyet,7
hz. muhammed,7
ensar ve muhacir,7
veda hutbesi,7
arınma,7
yaz kur'an kursları,7
zulüm,7
ihlas,7
doğruluk,7
bayram sevinci,7
kudüs,7
gıybet,7
emanet bilinci,7
terör,7
gaflet,7
hidayet,7
sünnet,7
faiz,7
din istismarı,7
şiddet,6
