hadis_kaynagi_bolumu,toplam,"Toplumsal Dayanışma, Merhamet ve Kardeşlik",İbadet ve Kulluk,"Aile, Çocuk ve Nesil","İman, Tevhid ve Ahiret","Ahlak, Erdem ve Söz","Ramazan, Oruç ve Bayramlar","Vatan, Millet ve Tarih","Sabır, Tevekkül ve Manevi Olgunluk","Ekonomik Hayat: Kazanç, Zekat ve İsraf","Kandiller, Muharrem ve Mübarek Geceler",Peygamberimiz ve Ashab,İslam Coğrafyası ve Küresel Meseleler,"Eğitim, Teknoloji, Çevre ve Toplumsal Değişim","Afet, Kriz ve Sağlık",Kur'an-ı Kerim
Tirmizî Birr,45,7,0,18,0,4,0,1,1,0,2,5,0,4,0,3
Ahmed b. Hanbel Müsned,40,4,2,3,2,14,1,1,3,2,4,4,0,0,0,0
Tirmizî Sıfatü’l-kıyâme,37,8,1,1,4,2,5,4,3,6,0,0,0,0,3,0
Müslim Îmân,35,7,1,1,2,10,0,2,0,7,0,1,4,0,0,0
Müslim Birr,34,9,1,3,2,6,6,1,1,1,0,1,0,0,3,0
Buhârî Edeb,28,5,1,1,0,11,2,4,2,0,1,1,0,0,0,0
Buhârî Îmân,25,4,2,1,6,2,2,0,2,4,0,2,0,0,0,0
Ebû Dâvûd Edeb,23,7,1,3,2,3,1,0,1,1,2,0,0,0,2,0
Müslim Sıyâm,19,1,0,6,0,0,4,0,0,0,7,0,0,0,1,0
Tirmizî Zühd,16,1,0,3,3,6,1,1,0,0,0,0,0,0,1,0
Buhârî Salât,15,2,2,0,0,0,6,5,0,0,0,0,0,0,0,0
Tirmizî Menâkıb,15,2,0,7,0,0,0,0,0,0,5,1,0,0,0,0
Buhârî Rikâk,14,1,1,0,1,0,0,0,6,2,0,0,0,1,2,0
Müslim Birr ve Sıla,12,7,0,0,0,2,2,0,0,0,0,1,0,0,0,0
İbn Mâce Nikâh,12,0,0,11,0,0,0,0,0,0,0,1,0,0,0,0
Tirmizî Edâhî,11,0,0,0,0,1,10,0,0,0,0,0,0,0,0,0
Tirmizî İlim,11,1,1,0,1,0,0,0,0,0,0,1,0,7,0,0
Tirmizî İman,11,5,2,0,0,2,0,1,0,0,0,0,1,0,0,0
Buhârî Tevhid,10,1,1,2,2,0,0,2,1,0,1,0,0,0,0,0
Tirmizî Radâ,9,0,0,4,1,0,0,0,0,2,0,2,0,0,0,0
Tirmizî Birr ve Sıla,9,2,0,1,0,2,0,1,0,0,0,1,0,0,0,2
Ebû Dâvûd Zekât,9,2,0,3,0,0,2,0,0,2,0,0,0,0,0,0
Nesâi Cihâd,9,0,1,0,0,1,0,6,1,0,0,0,0,0,0,0
Buhârî Nikâh,8,0,0,8,0,0,0,0,0,0,0,0,0,0,0,0
Buhârî Cihâd,8,0,0,0,0,3,0,5,0,0,0,0,0,0,0,0
Dârimî Mukaddime,8,1,0,0,0,1,0,0,0,0,0,0,0,6,0,0
Buhârî İlim,8,4,0,3,0,0,0,0,1,0,0,0,0,0,0,0
İbn Mâce Sunne,7,0,0,0,0,1,0,1,0,0,5,0,0,0,0,0
Tirmizî Deavât,7,0,1,0,2,0,3,0,1,0,0,0,0,0,0,0
Müslim Zekât,7,0,0,0,0,1,0,0,1,4,0,0,0,1,0,0
Buhârî Zekât,7,1,0,0,0,0,0,0,1,3,0,1,1,0,0,0
Buhârî Îdeyn,7,0,0,0,0,0,7,0,0,0,0,0,0,0,0,0
Müslim Zühd,7,0,2,0,0,0,0,1,2,0,0,0,0,0,2,0
İbn Mâce Zühd,7,0,0,0,4,1,0,0,1,0,0,1,0,0,0,0
Beyhakî Şüabü’l-îmân,7,0,1,0,0,1,0,0,0,4,1,0,0,0,0,0
Buhârî Cenâiz,6,1,0,1,0,0,0,0,3,0,0,0,0,0,1,0
Buhârî Mezâlim,6,0,0,1,0,2,1,0,0,0,0,0,2,0,0,0
Buhârî Talâk,6,3,0,1,0,0,0,0,0,1,0,1,0,0,0,0
Tirmizî Cum’a,6,0,1,0,0,0,0,0,0,5,0,0,0,0,0,0
Tirmizî Büyû’,6,0,0,0,0,0,0,0,0,6,0,0,0,0,0,0
Tirmizî Fiten,6,1,0,1,0,4,0,0,0,0,0,0,0,0,0,0
Buhârî Megâzî,6,0,0,0,0,1,0,0,1,1,0,1,0,2,0,0
Tirmizî Diyât,6,0,1,0,0,0,2,1,0,0,0,0,2,0,0,0
Hakim Müstedrek,5,3,0,1,0,1,0,0,0,0,0,0,0,0,0,0
Buhârî Savm,5,1,1,0,0,0,3,0,0,0,0,0,0,0,0,0
İbn Mâce Edeb,5,3,0,1,1,0,0,0,0,0,0,0,0,0,0,0
Tirmizî Tahâret,5,0,5,0,0,0,0,0,0,0,0,0,0,0,0,0
Buhârî Tefsîr,5,0,2,0,1,0,0,0,0,0,0,1,0,0,0,1
İbn Mâce İkâmet,5,0,4,0,0,0,0,0,0,0,1,0,0,0,0,0
Buhârî Büyû’,5,0,0,0,0,0,0,0,0,5,0,0,0,0,0,0
Buhârî Libâs,4,0,1,0,0,0,0,0,0,3,0,0,0,0,0,0
Müslim Zühd ve rekâik,4,0,0,0,0,0,0,1,1,1,0,0,0,0,1,0
İbn Mâce Rühûn,4,0,0,0,0,0,0,0,0,4,0,0,0,0,0,0
Buhârî Bed’ü’l-vahy,4,0,1,1,0,0,0,1,0,0,0,1,0,0,0,0
Müslim Zikir,4,0,1,0,0,0,0,1,0,1,0,0,1,0,0,0
Müslim Mesâcid,4,0,3,0,0,0,0,0,0,0,0,0,0,1,0,0
Buhârî Ezân,4,0,3,0,0,0,0,0,1,0,0,0,0,0,0,0
İbn Mâce Ticâret,4,0,0,0,0,0,0,0,0,4,0,0,0,0,0,0
Ebû Dâvûd Libâs,4,0,1,0,1,2,0,0,0,0,0,0,0,0,0,0
Müslim Tahâret,4,0,2,0,0,0,1,0,0,0,0,0,0,0,1,0
Müslim Müsâkât,4,1,0,0,0,2,0,0,0,1,0,0,0,0,0,0
Kudâî Müsnedü’ş-şihâb,4,0,0,0,0,0,0,1,0,1,0,0,0,2,0,0
Müslim Eşribe,3,0,0,0,0,0,0,0,0,1,0,0,0,0,2,0
Tirmizî Tefsîru’l-Kur’ân,3,0,0,0,2,0,0,0,0,0,0,1,0,0,0,0
Buhârî Umre,3,0,2,0,0,1,0,0,0,0,0,0,0,0,0,0
Buhârî Enbiyâ,3,0,0,0,2,0,0,0,0,0,0,1,0,0,0,0
Müslim Nikâh,3,0,0,1,1,0,0,0,0,0,0,0,0,1,0,0
İbn Mâce Et’ıme,3,1,0,0,0,0,2,0,0,0,0,0,0,0,0,0
Müslim Hac,3,0,0,0,0,0,0,0,0,2,0,0,1,0,0,0
Tirmizî Savm,3,0,0,0,0,0,2,0,0,0,1,0,0,0,0,0
İbn Mâce Tahâret,3,0,0,0,0,0,0,0,0,2,0,1,0,0,0,0
Müslim Vasiyyet,3,0,0,0,0,0,0,0,0,2,0,0,0,0,0,1
Ebû Dâvûd Tatavvu’,3,0,2,0,0,0,1,0,0,0,0,0,0,0,0,0
Müslim Fedâil,3,0,0,0,2,0,0,0,0,0,0,1,0,0,0,0
Müslim Cum’a,3,0,3,0,0,0,0,0,0,0,0,0,0,0,0,0
Tirmizî Fedâilü’l-cihâd,3,0,0,0,0,0,0,2,1,0,0,0,0,0,0,0
Taberânî el-Mu’cemu’l-evsat,3,0,0,1,0,0,0,0,0,1,0,0,0,0,1,0
Ebû Dâvûd Salât,3,0,2,1,0,0,0,0,0,0,0,0,0,0,0,0
Ebû Dâvûd Sünnet,3,0,0,0,0,2,0,0,0,0,0,1,0,0,0,0
Müslim Vasiyye,3,0,0,0,0,0,0,0,0,3,0,0,0,0,0,0
İbn Mâce Sünnet,3,1,0,0,0,0,0,0,0,0,0,0,0,2,0,0
Ebû Dâvûd Tahâret,2,0,0,1,0,0,0,0,0,1,0,0,0,0,0,0
Tirmizî Daavât,2,0,1,0,0,1,0,0,0,0,0,0,0,0,0,0
Dârimî Siyer,2,1,0,0,0,0,0,0,0,0,1,0,0,0,0,0
Müslim İmâre,2,0,0,1,0,1,0,0,0,0,0,0,0,0,0,0
Buhârî Deavât,2,0,1,0,0,0,0,0,1,0,0,0,0,0,0,0
Buhârî Ehâdîsü’l-Enbiyâ,2,0,0,0,2,0,0,0,0,0,0,0,0,0,0,0
İbn Mâce Fiten,2,0,0,0,0,0,0,0,0,0,0,0,2,0,0,0
Müslim Fedâilü’s-Sahâbe,2,0,0,1,1,0,0,0,0,0,0,0,0,0,0,0
Ebû Dâvûd Cenâiz,2,0,0,0,1,0,0,0,0,0,0,0,0,0,1,0
Ebû Dâvûd Kadâ’ (Akdiye),2,1,0,0,0,0,0,0,0,1,0,0,0,0,0,0
İbn Mâce Ahkâm,2,1,0,1,0,0,0,0,0,0,0,0,0,0,0,0
Müslim Cennet,2,0,0,0,0,2,0,0,0,0,0,0,0,0,0,0
İbn Mâce Et’ime,2,0,0,0,0,0,0,0,0,0,1,1,0,0,0,0
Buhârî Mevâkîtü’s-salât,2,0,2,0,0,0,0,0,0,0,0,0,0,0,0,0
Müslim Salât,2,0,1,0,0,0,0,0,0,0,0,0,0,0,0,1
Buhârî Müsâkât,2,1,0,0,0,1,0,0,0,0,0,0,0,0,0,0
Ebû Dâvûd Cihâd,2,0,0,1,0,0,0,0,0,0,0,1,0,0,0,0
Taberânî el-Mu’cemü’l-kebîr,2,1,0,0,0,0,0,0,0,0,0,1,0,0,0,0
Buhârî Edep,2,1,0,0,0,0,0,0,0,0,0,0,1,0,0,0
Ebû Dâvûd Nikâh,2,0,0,2,0,0,0,0,0,0,0,0,0,0,0,0
İbn Hişâm Sîret,2,0,0,0,0,2,0,0,0,0,0,0,0,0,0,0
Nesâi Işratü’n-nisâ’,2,0,0,0,0,0,0,0,0,0,2,0,0,0,0,0
Nesâi Gusül,2,0,0,0,0,2,0,0,0,0,0,0,0,0,0,0
Nesâi Sıyâm,2,0,0,0,0,0,2,0,0,0,0,0,0,0,0,0
Müslim Müsâfirîn,2,0,0,0,0,0,1,0,0,0,0,1,0,0,0,0
Nesâi Dahâyâ,1,1,0,0,0,0,0,0,0,0,0,0,0,0,0,0
Hakim el-Müstedrek,1,0,0,0,0,0,0,0,1,0,0,0,0,0,0,0
Müslim Savm,1,0,0,0,0,0,1,0,0,0,0,0,0,0,0,0
Müslim Kitâbü’l-Fedâil,1,0,0,0,0,0,0,0,0,0,0,1,0,0,0,0
Buhârî Sulh,1,0,0,0,0,1,0,0,0,0,0,0,0,0,0,0
İbn Mâce İbn Mâce,1,0,0,0,0,1,0,0,0,0,0,0,0,0,0,0
Tirmizî Ahkâm,1,0,0,0,0,0,0,0,0,0,0,0,0,0,0,1
Hakim el-Müstederek,1,0,0,0,0,1,0,0,0,0,0,0,0,0,0,0
Nesâi Gusül ve Teyemmüm,1,0,0,0,0,1,0,0,0,0,0,0,0,0,0,0
İbn Mâce İkâmetü’s-Salavât,1,0,0,1,0,0,0,0,0,0,0,0,0,0,0,0
İbn Mâce Sıyâm,1,0,0,0,0,0,0,0,0,0,1,0,0,0,0,0
Müslim Sıfâtu’l Münâfikın,1,0,0,0,0,0,1,0,0,0,0,0,0,0,0,0
Ebû Dâvûd Fiten ve Melâhim,1,0,0,0,0,1,0,0,0,0,0,0,0,0,0,0
İbn Mâce Mukaddime,1,0,0,0,0,0,0,0,0,0,0,1,0,0,0,0
İbn Mâce Menâsik,1,0,1,0,0,0,0,0,0,0,0,0,0,0,0,0
Nesâi Tatbik,1,0,0,1,0,0,0,0,0,0,0,0,0,0,0,0
Taberânî el-Mu’cemü’s-sağîr,1,0,0,0,0,0,0,0,0,0,0,0,1,0,0,0
Buhârî Menakıb,1,0,0,0,0,0,0,0,1,0,0,0,0,0,0,0
Tirmizî Edeb,1,0,1,0,0,0,0,0,0,0,0,0,0,0,0,0
Müslim Radâ’,1,0,0,1,0,0,0,0,0,0,0,0,0,0,0,0
İbn Mâce Tıb,1,0,0,0,0,0,0,0,0,0,0,0,0,0,1,0
Dârimî Büyû’,1,0,0,0,0,1,0,0,0,0,0,0,0,0,0,0
Beyhakî es-Sünenü’l-kübrâ,1,1,0,0,0,0,0,0,0,0,0,0,0,0,0,0
Heysemî Mecmeu’z-zevâid,1,0,0,0,0,0,1,0,0,0,0,0,0,0,0,0
Tirmizî Zekât,1,0,0,0,0,0,0,0,0,1,0,0,0,0,0,0
Muvatta Kader,1,0,0,0,0,0,0,1,0,0,0,0,0,0,0,0
Buhârî Merdâ,1,0,0,0,0,0,0,0,0,0,0,0,0,0,1,0
İbn Mâce İkâme,1,0,0,0,0,0,0,0,0,0,0,0,1,0,0,0
Buhârî Fadlü’s-salât,1,0,0,0,0,0,0,0,0,0,0,0,1,0,0,0
Buhârî Tıb,1,0,0,0,0,0,0,0,0,0,0,0,0,0,1,0
Buhârî Tıp,1,0,0,0,0,0,0,0,0,0,0,0,0,0,1,0
Buhârî İstikrâz,1,0,0,0,0,0,0,0,1,0,0,0,0,0,0,0
Buhârî Bed’ü’l-halk,1,0,0,0,1,0,0,0,0,0,0,0,0,0,0,0
Buhârî Ferâiz,1,1,0,0,0,0,0,0,0,0,0,0,0,0,0,0
Müslim Sıfâtü’l-münâfikîn,1,0,0,0,0,0,0,0,0,0,0,1,0,0,0,0
Tirmizî Şemâil,1,0,0,0,0,0,0,0,0,0,0,1,0,0,0,0
Muvatta İ’tikâf,1,0,0,0,0,0,0,0,0,0,1,0,0,0,0,0
İbn Mâce Duâ,1,0,0,0,0,0,0,0,0,1,0,0,0,0,0,0
Muvatta Hüsnü’l-hulk,1,0,0,0,0,0,1,0,0,0,0,0,0,0,0,0
Ebû Dâvûd Büyû’,1,1,0,0,0,0,0,0,0,0,0,0,0,0,0,0
Ebû Dâvûd Büyû’ (İcâre),1,1,0,0,0,0,0,0,0,0,0,0,0,0,0,0
Müslim Tevbe,1,0,0,0,0,0,0,0,0,0,1,0,0,0,0,0
Ebû Dâvûd Melâhim,1,0,0,0,1,0,0,0,0,0,0,0,0,0,0,0
İbn Mâce Cenâiz,1,0,1,0,0,0,0,0,0,0,0,0,0,0,0,0
Münzirî el-Terğîb ve’t-Terhîb,1,0,0,0,0,0,1,0,0,0,0,0,0,0,0,0
Hakim De’avât,1,0,0,0,0,0,0,0,0,0,0,0,0,0,1,0
Ebû Dâvûd Harâc,1,0,0,0,0,1,0,0,0,0,0,0,0,0,0,0
Muvatta Şa’r,1,0,0,0,1,0,0,0,0,0,0,0,0,0,0,0
Ahmed b. Hanbel Müsned IV,1,0,0,0,0,0,0,1,0,0,0,0,0,0,0,0
Nesâi Muhârebe,1,0,0,0,0,0,0,0,0,0,1,0,0,0,0,0
Süyûtî el-Fethü’l-kebîr,1,0,1,0,0,0,0,0,0,0,0,0,0,0,0,0
Nesâi Mesâcid,1,0,0,0,0,0,1,0,0,0,0,0,0,0,0,0
İbn Mâce Eşribe,1,0,0,0,0,0,0,0,0,0,0,0,0,0,1,0
Müslim Tahâre,1,0,1,0,0,0,0,0,0,0,0,0,0,0,0,0
Tirmizî De’avât,1,0,0,0,1,0,0,0,0,0,0,0,0,0,0,0
Ebû Dâvûd Vitir,1,0,0,0,0,0,0,0,1,0,0,0,0,0,0,0
Ebû Dâvûd Menâsik,1,1,0,0,0,0,0,0,0,0,0,0,0,0,0,0
Nesâi Cenâiz,1,0,0,0,1,0,0,0,0,0,0,0,0,0,0,0
Buhârî İmân,1,0,0,0,0,0,0,0,1,0,0,0,0,0,0,0
Tirmizî Sıfatü’l-Kıyame,1,0,0,0,0,0,1,0,0,0,0,0,0,0,0,0
Nesâi Îmân,1,0,0,0,0,0,0,0,0,0,0,1,0,0,0,0
Ahmed b. Hanbel,1,0,0,0,0,0,0,0,0,0,0,1,0,0,0,0
Buhârî Meğâzî,1,0,0,0,0,1,0,0,0,0,0,0,0,0,0,0
