kaynak,toplam,"Toplumsal Dayanışma, Merhamet ve Kardeşlik",İbadet ve Kulluk,"Aile, Çocuk ve Nesil","İman, Tevhid ve Ahiret","Ahlak, Erdem ve Söz","Ramazan, Oruç ve Bayramlar","Vatan, Millet ve Tarih","Sabır, Tevekkül ve Manevi Olgunluk","Ekonomik Hayat: Kazanç, Zekat ve İsraf","Kandiller, Muharrem ve Mübarek Geceler",Peygamberimiz ve Ashab,İslam Coğrafyası ve Küresel Meseleler,"Eğitim, Teknoloji, Çevre ve Toplumsal Değişim","Afet, Kriz ve Sağlık",Kur'an-ı Kerim
Tirmizî,217,27,14,35,14,22,24,11,6,20,8,12,3,11,4,6
Buhârî,208,26,20,19,15,23,21,17,22,19,2,9,5,3,6,1
Müslim,172,25,15,14,8,24,16,6,5,23,8,7,6,3,10,2
İbn Mâce,69,6,6,14,5,3,2,1,1,11,8,5,3,2,2,0
Ebû Dâvûd,62,13,6,11,5,9,4,0,2,5,2,2,0,0,3,0
Ahmed b. Hanbel,42,4,2,3,2,14,1,2,3,2,4,5,0,0,0,0
Nesâi,22,1,1,1,1,4,3,6,1,0,3,1,0,0,0,0
Dârimî,11,2,0,0,0,2,0,0,0,0,1,0,0,6,0,0
Hakim,8,3,0,1,0,2,0,0,1,0,0,0,0,0,1,0
Beyhakî,8,1,1,0,0,1,0,0,0,4,1,0,0,0,0,0
Taberânî,6,1,0,1,0,0,0,0,0,1,0,1,1,0,1,0
Muvatta,4,0,0,0,1,0,1,1,0,0,1,0,0,0,0,0
Kudâî,4,0,0,0,0,0,0,1,0,1,0,0,0,2,0,0
İbn Hişâm,2,0,0,0,0,2,0,0,0,0,0,0,0,0,0,0
Heysemî,1,0,0,0,0,0,1,0,0,0,0,0,0,0,0,0
Münzirî,1,0,0,0,0,0,1,0,0,0,0,0,0,0,0,0
Süyûtî,1,0,1,0,0,0,0,0,0,0,0,0,0,0,0,0
