kaynak,bolum,atif_sayisi
Tirmizî,Birr,43
Ahmed b. Hanbel,Müsned,40
Tirmizî,Sıfatü’l-kıyâme,37
Müslim,Îmân,33
Müslim,Birr,33
Buhârî,Edeb,27
Buhârî,Îmân,25
Ebû Dâvûd,Edeb,23
Müslim,Sıyâm,19
Tirmizî,Zühd,16
Buhârî,Salât,15
Tirmizî,Menâkıb,15
Buhârî,Rikâk,14
Müslim,Birr ve Sıla,12
Tirmizî,Edâhî,11
İbn Mâce,Nikâh,11
Tirmizî,İman,11
Buhârî,Tevhid,10
Tirmizî,İlim,10
Tirmizî,Radâ,9
Tirmizî,Birr ve Sıla,9
Ebû Dâvûd,Zekât,9
Buhârî,Nikâh,8
Buhârî,Cihâd,8
Buhârî,İlim,8
Nesâi,Cihâd,8
İbn Mâce,Sunne,7
Tirmizî,Deavât,7
Müslim,Zekât,7
Buhârî,Zekât,7
Buhârî,Îdeyn,7
Müslim,Zühd,7
Dârimî,Mukaddime,7
Beyhakî,Şüabü’l-îmân,7
Buhârî,Cenâiz,6
Buhârî,Mezâlim,6
Tirmizî,Cum’a,6
Tirmizî,Büyû’,6
Tirmizî,Fiten,6
Buhârî,Megâzî,6
Tirmizî,Diyât,6
İbn Mâce,Zühd,6
Hakim,Müstedrek,5
Buhârî,Savm,5
Buhârî,Talâk,5
Tirmizî,Tahâret,5
Buhârî,Tefsîr,5
İbn Mâce,İkâmet,5
Buhârî,Libâs,4
İbn Mâce,Edeb,4
Müslim,Zühd ve rekâik,4
İbn Mâce,Rühûn,4
Müslim,Zikir,4
Müslim,Mesâcid,4
Buhârî,Ezân,4
İbn Mâce,Ticâret,4
Ebû Dâvûd,Libâs,4
Müslim,Tahâret,4
Kudâî,Müsnedü’ş-şihâb,4
Müslim,Eşribe,3
Tirmizî,Tefsîru’l-Kur’ân,3
Buhârî,Umre,3
Buhârî,Bed’ü’l-vahy,3
Buhârî,Enbiyâ,3
Müslim,Nikâh,3
İbn Mâce,Et’ıme,3
Müslim,Hac,3
Tirmizî,Savm,3
İbn Mâce,Tahâret,3
Müslim,Vasiyyet,3
Ebû Dâvûd,Tatavvu’,3
Müslim,Fedâil,3
Müslim,Cum’a,3
Tirmizî,Fedâilü’l-cihâd,3
Taberânî,el-Mu’cemu’l-evsat,3
Ebû Dâvûd,Salât,3
Müslim,Vasiyye,3
Buhârî,Büyû’,3
Müslim,Müsâkât,3
İbn Mâce,Sünnet,3
Ebû Dâvûd,Tahâret,2
Tirmizî,Daavât,2
Dârimî,Siyer,2
Müslim,İmâre,2
Buhârî,Deavât,2
Buhârî,Ehâdîsü’l-Enbiyâ,2
İbn Mâce,Fiten,2
Müslim,Fedâilü’s-Sahâbe,2
Ebû Dâvûd,Cenâiz,2
Ebû Dâvûd,Kadâ’ (Akdiye),2
İbn Mâce,Ahkâm,2
Müslim,Cennet,2
İbn Mâce,Et’ime,2
Buhârî,Mevâkîtü’s-salât,2
Müslim,Salât,2
Buhârî,Müsâkât,2
Ebû Dâvûd,Cihâd,2
Ebû Dâvûd,Sünnet,2
Buhârî,Edep,2
Ebû Dâvûd,Nikâh,2
İbn Hişâm,Sîret,2
Nesâi,Işratü’n-nisâ’,2
Nesâi,Gusül,2
Nesâi,Sıyâm,2
Nesâi,Dahâyâ,1
Hakim,el-Müstedrek,1
Müslim,Savm,1
Müslim,Kitâbü’l-Fedâil,1
Buhârî,Sulh,1
İbn Mâce,İbn Mâce,1
Tirmizî,Ahkâm,1
Hakim,el-Müstederek,1
Nesâi,Gusül ve Teyemmüm,1
İbn Mâce,İkâmetü’s-Salavât,1
İbn Mâce,Sıyâm,1
Müslim,Sıfâtu’l Münâfikın,1
Ebû Dâvûd,Fiten ve Melâhim,1
İbn Mâce,Mukaddime,1
İbn Mâce,Menâsik,1
Nesâi,Tatbik,1
Taberânî,el-Mu’cemü’s-sağîr,1
Buhârî,Menakıb,1
Tirmizî,Edeb,1
Müslim,Radâ’,1
İbn Mâce,Tıb,1
Dârimî,Büyû’,1
Beyhakî,es-Sünenü’l-kübrâ,1
Heysemî,Mecmeu’z-zevâid,1
Tirmizî,Zekât,1
Muvatta,Kader,1
Buhârî,Merdâ,1
İbn Mâce,İkâme,1
Buhârî,Fadlü’s-salât,1
Buhârî,Tıb,1
Buhârî,Tıp,1
Buhârî,İstikrâz,1
Buhârî,Bed’ü’l-halk,1
Buhârî,Ferâiz,1
Müslim,Sıfâtü’l-münâfikîn,1
Tirmizî,Şemâil,1
Muvatta,İ’tikâf,1
İbn Mâce,Duâ,1
Taberânî,el-Mu’cemü’l-kebîr,1
Muvatta,Hüsnü’l-hulk,1
Ebû Dâvûd,Büyû’,1
Ebû Dâvûd,Büyû’ (İcâre),1
Müslim,Tevbe,1
Ebû Dâvûd,Melâhim,1
İbn Mâce,Cenâiz,1
Münzirî,el-Terğîb ve’t-Terhîb,1
Hakim,De’avât,1
Ebû Dâvûd,Harâc,1
Muvatta,Şa’r,1
Ahmed b. Hanbel,Müsned IV,1
Nesâi,Muhârebe,1
Süyûtî,el-Fethü’l-kebîr,1
Nesâi,Mesâcid,1
İbn Mâce,Eşribe,1
Müslim,Müsâfirîn,1
Müslim,Tahâre,1
Tirmizî,De’avât,1
Ebû Dâvûd,Vitir,1
Ebû Dâvûd,Menâsik,1
Nesâi,Cenâiz,1
Buhârî,İmân,1
Tirmizî,Sıfatü’l-Kıyame,1
