tarih,yil,baslik,ana_tema,ikincil_temalar,atif_sayisi
15.04.2011,2011,MERHAMET EĞİTİMİ,"Toplumsal Dayanışma, Merhamet ve Kardeşlik","Ahlak, Erdem ve Söz",6
21.10.2011,2011,AZÎZ ŞEHİTLERİMİZE…,"Vatan, Millet ve Tarih","Toplumsal Dayanışma, Merhamet ve Kardeşlik",0
28.10.2011,2011,MÜMİNLER TEK BİR VÜCUT GİBİDİR,"Afet, Kriz ve Sağlık","Sabır, Tevekkül ve Manevi Olgunluk",1
06.11.2011,2011,KURBAN BAYRAMI,"Ramazan, Oruç ve Bayramlar","Peygamberimiz ve Ashab; Aile, Çocuk ve Nesil",0
25.11.2011,2011,"EŞİMİZ, EVLADIMIZ, ANNEMİZ: KADIN","Aile, Çocuk ve Nesil",,6
02.12.2011,2011,KERBELA’YI ANLAMAK,"Kandiller, Muharrem ve Mübarek Geceler",,2
30.12.2011,2011,ZAMAN BİLİNCİ,"Sabır, Tevekkül ve Manevi Olgunluk",,5
03.02.2012,2012,MEVLİD-İ NEBİ,Peygamberimiz ve Ashab,"Kandiller, Muharrem ve Mübarek Geceler",4
06.04.2012,2012,KARDEŞLİK ÇAĞRISI,"Toplumsal Dayanışma, Merhamet ve Kardeşlik",Peygamberimiz ve Ashab,0
13.04.2012,2012,KARDEŞLİK AHLAKI VE HUKUKU,"Ahlak, Erdem ve Söz","Toplumsal Dayanışma, Merhamet ve Kardeşlik",4
29.06.2012,2012,BERÂT’A YOL ARAMAK,"Kandiller, Muharrem ve Mübarek Geceler","İman, Tevhid ve Ahiret",2
20.07.2012,2012,“BEN ORUÇLUYUM” DİYEBİLMEK,"Ramazan, Oruç ve Bayramlar",,4
27.07.2012,2012,SEVGİ VE BARIŞ DİLİ: SELÂM,"Toplumsal Dayanışma, Merhamet ve Kardeşlik","Ahlak, Erdem ve Söz",3
19.08.2012,2012,RAMAZAN BAYRAMI,"Ramazan, Oruç ve Bayramlar","Ahlak, Erdem ve Söz; Toplumsal Dayanışma, Merhamet ve Kardeşlik",5
28.09.2012,2012,YETER Kİ GÖNÜLLER ENGELLİ OLMASIN,"Toplumsal Dayanışma, Merhamet ve Kardeşlik",İbadet ve Kulluk,1
16.11.2012,2012,MEDENİYET YOLCULUĞU: HİCRET,Peygamberimiz ve Ashab,"Kandiller, Muharrem ve Mübarek Geceler; Toplumsal Dayanışma, Merhamet ve Kardeşlik",0
28.12.2012,2012,“DÜN” EYLEDİĞİMİZ GÜNLER…,"Ekonomik Hayat: Kazanç, Zekat ve İsraf","Sabır, Tevekkül ve Manevi Olgunluk; Kandiller, Muharrem ve Mübarek Geceler",2
25.01.2013,2013,ALLAH’IN SEVMEDİĞİ DAVRANIŞ: İSRAF,"Ekonomik Hayat: Kazanç, Zekat ve İsraf",,8
08.03.2013,2013,BİR KUL OLARAK KADIN,"Aile, Çocuk ve Nesil","Peygamberimiz ve Ashab; Toplumsal Dayanışma, Merhamet ve Kardeşlik",4
15.03.2013,2013,ŞEHİTLİK VE ÇANAKKALE,"Vatan, Millet ve Tarih",,2
29.03.2013,2013,SOKAĞIN YETİMLERİ: ÇOCUKLARIMIZ,"Aile, Çocuk ve Nesil",,3
05.04.2013,2013,MÜKERREM BİR VARLIK OLARAK İNSAN,"Toplumsal Dayanışma, Merhamet ve Kardeşlik",,2
12.04.2013,2013,PEYGAMBERİMİZ VE İNSAN ONURU,"Toplumsal Dayanışma, Merhamet ve Kardeşlik",Peygamberimiz ve Ashab,7
19.04.2013,2013,İNSAN KALABİLMEK,"Toplumsal Dayanışma, Merhamet ve Kardeşlik","Peygamberimiz ve Ashab; Sabır, Tevekkül ve Manevi Olgunluk",1
07.06.2013,2013,MÜMİNLER KARDEŞTİRLER,"Toplumsal Dayanışma, Merhamet ve Kardeşlik","Ahlak, Erdem ve Söz",3
14.06.2013,2013,YAZ KUR’AN KURSLARI,Kur'an-ı Kerim,"Eğitim, Teknoloji, Çevre ve Toplumsal Değişim; Vatan, Millet ve Tarih",2
21.06.2013,2013,BERATA ULAŞABİLMEK,"Kandiller, Muharrem ve Mübarek Geceler","İbadet ve Kulluk; İman, Tevhid ve Ahiret",1
28.06.2013,2013,İSLÂMÎ BİR DEĞERİMİZ: EDEB,"Ahlak, Erdem ve Söz",,1
05.07.2013,2013,RAMAZAN VE ORUÇ,"Ramazan, Oruç ve Bayramlar",,2
12.07.2013,2013,HELAL KAZANÇ HELAL LOKMA,"Ekonomik Hayat: Kazanç, Zekat ve İsraf","Sabır, Tevekkül ve Manevi Olgunluk",3
19.07.2013,2013,"HELAL KAZANÇ, HELAL LOKMA","Ekonomik Hayat: Kazanç, Zekat ve İsraf",,2
26.07.2013,2013,TEKBİR: ALLÂHU EKBER,"İman, Tevhid ve Ahiret","İbadet ve Kulluk; Ahlak, Erdem ve Söz",0
02.08.2013,2013,RAMAZANA VEDA VE KADİR GECESİ,"Kandiller, Muharrem ve Mübarek Geceler","Ramazan, Oruç ve Bayramlar",1
08.08.2013,2013,RAMAZAN BAYRAMI,"Ramazan, Oruç ve Bayramlar","İslam Coğrafyası ve Küresel Meseleler; Vatan, Millet ve Tarih",7
27.09.2013,2013,"DAVET HEPİMİZE, HEP BİRLİKTE CAMİYE!",İbadet ve Kulluk,,1
04.10.2013,2013,KURBANLARIMIZLA PEKİŞSİN KARDEŞLİĞİMİZ,"Ramazan, Oruç ve Bayramlar",Peygamberimiz ve Ashab,4
15.10.2013,2013,KURBAN BAYRAMI,"Ramazan, Oruç ve Bayramlar",,1
01.11.2013,2013,RAHMET’İN HİCRETİ,Peygamberimiz ve Ashab,"Kandiller, Muharrem ve Mübarek Geceler",2
08.11.2013,2013,MUHARREM AYI VE KERBELÂ,"Kandiller, Muharrem ve Mübarek Geceler","Toplumsal Dayanışma, Merhamet ve Kardeşlik",3
13.12.2013,2013,DÜNYADA YOLCU OLABİLMEK!,"İman, Tevhid ve Ahiret",,4
27.12.2013,2013,ÖMÜR SERMAYESİ TÜKENİRKEN…,"Toplumsal Dayanışma, Merhamet ve Kardeşlik",,1
10.01.2014,2014,MEVLİD-İ NEBİ,Peygamberimiz ve Ashab,"Kandiller, Muharrem ve Mübarek Geceler",4
31.01.2014,2014,NASIL BİR KARDEŞLİK?,"Toplumsal Dayanışma, Merhamet ve Kardeşlik","Ahlak, Erdem ve Söz",2
07.02.2014,2014,DİN SAMİMİYETTİR,"Ahlak, Erdem ve Söz","İbadet ve Kulluk; İman, Tevhid ve Ahiret",0
14.02.2014,2014,AFFETMEK,"Ahlak, Erdem ve Söz","Toplumsal Dayanışma, Merhamet ve Kardeşlik; Peygamberimiz ve Ashab",3
21.02.2014,2014,KALB-İ SELİM (III),"İman, Tevhid ve Ahiret",,6
21.02.2014,2014,KALB-İ SELİM (II),"İman, Tevhid ve Ahiret",,6
21.02.2014,2014,KALB-İ SELİM (I),"İman, Tevhid ve Ahiret",,6
28.02.2014,2014,"İMAN, ÖZGÜRLÜK VE BAĞIMLILIK","Afet, Kriz ve Sağlık","Eğitim, Teknoloji, Çevre ve Toplumsal Değişim",1
07.03.2014,2014,İMAN VE İSTİKAMET ÜZERE OLMAK,"Sabır, Tevekkül ve Manevi Olgunluk",,2
21.03.2014,2014,İMTİHAN DÜNYASI,"Sabır, Tevekkül ve Manevi Olgunluk","İman, Tevhid ve Ahiret",1
28.03.2014,2014,HÜRRİYET VE MESULİYET,"Toplumsal Dayanışma, Merhamet ve Kardeşlik","Sabır, Tevekkül ve Manevi Olgunluk",1
04.04.2014,2014,DOĞRULUK VE SADAKA,"Ahlak, Erdem ve Söz",,15
11.04.2014,2014,KUTLU DOĞUM,Peygamberimiz ve Ashab,"Ahlak, Erdem ve Söz",1
18.04.2014,2014,KULLUK SINAVIMIZ: İHLAS VE SAMİMİYET,"Ahlak, Erdem ve Söz","İbadet ve Kulluk; İman, Tevhid ve Ahiret",1
16.05.2014,2014,MÜMİNLER TEK VÜCUT GİBİDİR,"Toplumsal Dayanışma, Merhamet ve Kardeşlik","Sabır, Tevekkül ve Manevi Olgunluk; Ekonomik Hayat: Kazanç, Zekat ve İsraf",1
23.05.2014,2014,MİRAÇ KANDİLİ,"Kandiller, Muharrem ve Mübarek Geceler",,1
30.05.2014,2014,TÖVBE VE İSTİĞFAR MEVSİMİ ÜÇ AYLAR,"İman, Tevhid ve Ahiret",,1
06.06.2014,2014,"DUA, İBADETİN ÖZÜDÜR",İbadet ve Kulluk,,2
13.06.2014,2014,İMANIN ŞUBELERİ,"İman, Tevhid ve Ahiret","Ahlak, Erdem ve Söz; Sabır, Tevekkül ve Manevi Olgunluk",2
20.06.2014,2014,"CAMİYE KOŞALIM, KUR’AN’LA BULUŞALIM",Kur'an-ı Kerim,"Aile, Çocuk ve Nesil",2
27.06.2014,2014,"KİMSE KİMSESİZ KALMASIN, BU RAMAZAN VE HER ZAMAN!","Toplumsal Dayanışma, Merhamet ve Kardeşlik","Sabır, Tevekkül ve Manevi Olgunluk; Ramazan, Oruç ve Bayramlar",3
11.07.2014,2014,KİMSESİZLERİN KİMSESİ OLABİLMEK,"Aile, Çocuk ve Nesil","Sabır, Tevekkül ve Manevi Olgunluk",4
18.07.2014,2014,MAZLUMLARIN ÜMİDİ OLABİLMEK,İslam Coğrafyası ve Küresel Meseleler,"Toplumsal Dayanışma, Merhamet ve Kardeşlik; Ekonomik Hayat: Kazanç, Zekat ve İsraf",1
25.07.2014,2014,RAMAZAN MUHASEBESİ,"Ekonomik Hayat: Kazanç, Zekat ve İsraf","Ramazan, Oruç ve Bayramlar; Sabır, Tevekkül ve Manevi Olgunluk",1
28.07.2014,2014,RAMAZAN BAYRAMI,"Toplumsal Dayanışma, Merhamet ve Kardeşlik","Ramazan, Oruç ve Bayramlar",0
08.08.2014,2014,"SADIK İMAN, SAMİMİ NİYET, SALİH AMEL","İman, Tevhid ve Ahiret","Sabır, Tevekkül ve Manevi Olgunluk",4
15.08.2014,2014,PEYGAMBERE İMAN OLMADAN ALLAH’A İMAN OLMAZ,Peygamberimiz ve Ashab,"İman, Tevhid ve Ahiret",1
22.08.2014,2014,HAYÂ HAYATTIR!,"Ahlak, Erdem ve Söz",,12
26.09.2014,2014,İŞ VE TİCARET AHLAKI-ÂHİLİK,"Ekonomik Hayat: Kazanç, Zekat ve İsraf",,7
03.10.2014,2014,KURBAN ALLAH’A YAKIN OLMAK İÇİNDİR,"Ramazan, Oruç ve Bayramlar","Toplumsal Dayanışma, Merhamet ve Kardeşlik; İbadet ve Kulluk",2
04.10.2014,2014,KURBAN BAYRAMI,"Ramazan, Oruç ve Bayramlar","Toplumsal Dayanışma, Merhamet ve Kardeşlik; İbadet ve Kulluk",1
10.10.2014,2014,BİZ KARDEŞİZ,"Toplumsal Dayanışma, Merhamet ve Kardeşlik","Ahlak, Erdem ve Söz",3
17.10.2014,2014,ARŞIN GÖLGESİNDEKİ GENÇLİK,"Aile, Çocuk ve Nesil",,3
24.10.2014,2014,HİCRET: FITRATA YAPILAN YOLCULUK,"Kandiller, Muharrem ve Mübarek Geceler","Peygamberimiz ve Ashab; Sabır, Tevekkül ve Manevi Olgunluk",1
31.10.2014,2014,ORTAK HÜZÜN VE İBRET AYI: MUHARREM,"Kandiller, Muharrem ve Mübarek Geceler",,3
07.11.2014,2014,MESCİD-İ AKSÂ KAN AĞLIYOR,İslam Coğrafyası ve Küresel Meseleler,,1
21.11.2014,2014,HAYIR HAZİNELER DOLUSUDUR,"Afet, Kriz ve Sağlık","İman, Tevhid ve Ahiret; Peygamberimiz ve Ashab",4
28.11.2014,2014,DİLİN ESİRİ OLMAYALIM!,"Ahlak, Erdem ve Söz",,2
05.12.2014,2014,AHİRET: HESAP VERME BİLİNCİ,"İman, Tevhid ve Ahiret","Sabır, Tevekkül ve Manevi Olgunluk",4
12.12.2014,2014,"MUSİBETLER KARŞISINDA SABIR, MÜMİNCE BİR TAVIRDIR","Sabır, Tevekkül ve Manevi Olgunluk",,4
26.12.2014,2014,PAHA BİÇİLMEZ SERMAYE: ÖMÜR,"Sabır, Tevekkül ve Manevi Olgunluk",,3
13.03.2015,2015,ÇANAKKALE ŞEHİTLERİNE…,"Vatan, Millet ve Tarih",,2
20.03.2015,2015,İNSANI İYİLİK YAŞATIR,"Ekonomik Hayat: Kazanç, Zekat ve İsraf","Ahlak, Erdem ve Söz",10
17.04.2015,2015,"DÜNYA BİZE, BİZ BİRBİRİMİZE EMANETİZ!","Toplumsal Dayanışma, Merhamet ve Kardeşlik","Ahlak, Erdem ve Söz",5
08.05.2015,2015,CANA CAN OLMAK: AİLE,"Aile, Çocuk ve Nesil",,11
12.06.2015,2015,KUR’AN AYINDA KUR’AN’LA BULUŞALIM!,Kur'an-ı Kerim,,2
19.06.2015,2015,VAKİT İYİLİK VAKTİ: BU RAMAZAN VE HER ZAMAN,"Ahlak, Erdem ve Söz","Ramazan, Oruç ve Bayramlar; Ekonomik Hayat: Kazanç, Zekat ve İsraf",3
26.06.2015,2015,TEVHİD İLE GELEN VAHDET,"Toplumsal Dayanışma, Merhamet ve Kardeşlik","İman, Tevhid ve Ahiret",1
03.07.2015,2015,CENNET KAPILARININ ANAHTARI: YETİMLER,"Aile, Çocuk ve Nesil","Ramazan, Oruç ve Bayramlar; Toplumsal Dayanışma, Merhamet ve Kardeşlik",2
10.07.2015,2015,"KADİR GECESİ, KADİR BİLENLER İÇİNDİR","Kandiller, Muharrem ve Mübarek Geceler",Kur'an-ı Kerim,1
17.07.2015,2015,RAMAZAN BAYRAMI,"Ramazan, Oruç ve Bayramlar","Sabır, Tevekkül ve Manevi Olgunluk; Toplumsal Dayanışma, Merhamet ve Kardeşlik",5
17.07.2015,2015,RAMAZAN MEKTEBİNİN ÖĞRETTİKLERİ,"Ramazan, Oruç ve Bayramlar","Sabır, Tevekkül ve Manevi Olgunluk; Toplumsal Dayanışma, Merhamet ve Kardeşlik",5
07.08.2015,2015,KULLUĞUN ÖZÜ: İHSAN,"Sabır, Tevekkül ve Manevi Olgunluk",,4
14.08.2015,2015,İMANIN TEZAHÜRÜ: FEDAKÂRLIK VE İSÂR,İbadet ve Kulluk,"Aile, Çocuk ve Nesil; Peygamberimiz ve Ashab",2
21.08.2015,2015,BİRLİK VE BERABERLİĞİMİZİN HARCI: KARDEŞLİĞİMİZ,"Toplumsal Dayanışma, Merhamet ve Kardeşlik","Vatan, Millet ve Tarih; Ahlak, Erdem ve Söz",2
28.08.2015,2015,HAC YOLCULUĞUNDAN HAK YOLCULUĞUNA,İbadet ve Kulluk,"İman, Tevhid ve Ahiret; Sabır, Tevekkül ve Manevi Olgunluk",3
04.09.2015,2015,"KARDEŞLİĞİ KÖRELTEN AFETLER: TECESSÜS, SU-İ ZAN…","Ahlak, Erdem ve Söz",,3
24.09.2015,2015,KURBAN BAYRAMI,"Ramazan, Oruç ve Bayramlar","Toplumsal Dayanışma, Merhamet ve Kardeşlik; Vatan, Millet ve Tarih",2
02.10.2015,2015,YARATAN RABBİNİN ADIYLA OKU!,"Eğitim, Teknoloji, Çevre ve Toplumsal Değişim","Ahlak, Erdem ve Söz; Aile, Çocuk ve Nesil",3
09.10.2015,2015,NAMAZ DİRİLİŞTİR,İbadet ve Kulluk,,9
16.10.2015,2015,MERHAMET İKSİRİNİ YUDUMLAYABİLMEK,"Kandiller, Muharrem ve Mübarek Geceler","Vatan, Millet ve Tarih",4
23.10.2015,2015,KERBELÂ’YI DOĞRU ANLAMAK,"Kandiller, Muharrem ve Mübarek Geceler",,3
30.10.2015,2015,"PEYGAMBERLER, İNSANLIĞIN YOLUNU AYDINLATAN REHBERLERDİR",Peygamberimiz ve Ashab,"İman, Tevhid ve Ahiret",1
06.11.2015,2015,HER İNSAN ALLAH’IN BİR ÂYETİDİR!,"Toplumsal Dayanışma, Merhamet ve Kardeşlik",,1
13.11.2015,2015,ZİKİR: KALPLERE HAYAT VEREN İKSİR,"Sabır, Tevekkül ve Manevi Olgunluk","İbadet ve Kulluk; İman, Tevhid ve Ahiret",2
20.11.2015,2015,KÜRESEL TERÖRÜN HEDEF ALDIĞI DİN: İSLAM,"Vatan, Millet ve Tarih","Eğitim, Teknoloji, Çevre ve Toplumsal Değişim",2
27.11.2015,2015,İMANI HAYAT KILABİLMEK,"Sabır, Tevekkül ve Manevi Olgunluk","Ahlak, Erdem ve Söz",3
04.12.2015,2015,BEDEN ÜLKESİNİN SULTANI: KALP,"Sabır, Tevekkül ve Manevi Olgunluk","Ahlak, Erdem ve Söz; Toplumsal Dayanışma, Merhamet ve Kardeşlik",4
11.12.2015,2015,DÜNYA-AHİRET DENGESİ,"Sabır, Tevekkül ve Manevi Olgunluk",,1
18.12.2015,2015,RAHMET VE MERHAMET YÜKLÜ ADALET PEYGAMBERİ,"Toplumsal Dayanışma, Merhamet ve Kardeşlik",,3
25.12.2015,2015,SAYILI NEFESLERİMİZİ TÜKETİRKEN…,"Sabır, Tevekkül ve Manevi Olgunluk","İman, Tevhid ve Ahiret",4
01.01.2016,2016,RABBİMİZ! BİZİ DOSDOĞRU YOLA İLET!,"Sabır, Tevekkül ve Manevi Olgunluk","İman, Tevhid ve Ahiret; Ahlak, Erdem ve Söz",1
08.01.2016,2016,EDEP VE HAYÂ,"Ahlak, Erdem ve Söz","Eğitim, Teknoloji, Çevre ve Toplumsal Değişim",1
15.01.2016,2016,İMTİHANIN ADI: FİTNE,"Ahlak, Erdem ve Söz","Sabır, Tevekkül ve Manevi Olgunluk; Vatan, Millet ve Tarih",1
22.01.2016,2016,SÖZ AHLAKI,"Ahlak, Erdem ve Söz",,3
29.01.2016,2016,EN GÜZEL İSİMLER O’NUNDUR,"Sabır, Tevekkül ve Manevi Olgunluk","İman, Tevhid ve Ahiret",1
05.02.2016,2016,ŞİMDİ YARALARI SARMA ZAMANI!,"Vatan, Millet ve Tarih","Aile, Çocuk ve Nesil; Ekonomik Hayat: Kazanç, Zekat ve İsraf",1
12.02.2016,2016,PEYGAMBERE İMAN TEVHİDİN BİR GEREĞİDİR,"İman, Tevhid ve Ahiret",Peygamberimiz ve Ashab; Kur'an-ı Kerim,0
19.02.2016,2016,PEYGAMBERLER ALLAH’IN KUTLU ELÇİLERİDİR,"İman, Tevhid ve Ahiret","Peygamberimiz ve Ashab; Vatan, Millet ve Tarih",1
26.02.2016,2016,ÂHİRETE İMAN,"İman, Tevhid ve Ahiret",,0
04.03.2016,2016,KİTAPLARA İMAN,Kur'an-ı Kerim,"İman, Tevhid ve Ahiret",0
11.03.2016,2016,DÜNYAYI İYİLİK DEĞİŞTİRİR,"Ahlak, Erdem ve Söz","Toplumsal Dayanışma, Merhamet ve Kardeşlik",2
18.03.2016,2016,ÇANAKKALE VE BİRLİK RUHU,"Vatan, Millet ve Tarih",,2
25.03.2016,2016,HAK VE HAKİKAT,"Sabır, Tevekkül ve Manevi Olgunluk","Toplumsal Dayanışma, Merhamet ve Kardeşlik",1
01.04.2016,2016,ÖFKEYE HÂKİM OLABİLMEK,"Sabır, Tevekkül ve Manevi Olgunluk","Ramazan, Oruç ve Bayramlar; Kandiller, Muharrem ve Mübarek Geceler",5
08.04.2016,2016,"HZ. PEYGAMBER, TEVHİD VE VAHDET","Toplumsal Dayanışma, Merhamet ve Kardeşlik","İman, Tevhid ve Ahiret",1
15.04.2016,2016,TEVHİD VE VAHDET MEDENİYETİ,"Toplumsal Dayanışma, Merhamet ve Kardeşlik",,2
22.04.2016,2016,TEVHİD VE VAHDETİN ÖNCÜSÜ MÜMİNLER,"Toplumsal Dayanışma, Merhamet ve Kardeşlik",,0
29.04.2016,2016,MİRAÇ KANDİLİ,"Kandiller, Muharrem ve Mübarek Geceler",İbadet ve Kulluk,0
06.05.2016,2016,O BÜYÜK GÜNE HAZIR MIYIZ?,"İman, Tevhid ve Ahiret","Sabır, Tevekkül ve Manevi Olgunluk",2
13.05.2016,2016,HUZUR VE MUHABBET OCAĞI: AİLEMİZ,"Aile, Çocuk ve Nesil","Eğitim, Teknoloji, Çevre ve Toplumsal Değişim",2
20.05.2016,2016,MAHREMİYETİ YİTİRMEK MAHRUMİYETTİR,"Eğitim, Teknoloji, Çevre ve Toplumsal Değişim","Ahlak, Erdem ve Söz; Aile, Çocuk ve Nesil",1
27.05.2016,2016,NAMAZ ARINMADIR,İbadet ve Kulluk,,2
03.06.2016,2016,GELİN GÖNÜLLER YAPALIM,"Toplumsal Dayanışma, Merhamet ve Kardeşlik","Ramazan, Oruç ve Bayramlar",2
10.06.2016,2016,KUR’AN AYI RAMAZAN,Kur'an-ı Kerim,"Vatan, Millet ve Tarih; Ramazan, Oruç ve Bayramlar",3
24.06.2016,2016,ARINMA VESİLESİ: ZEKÂT VE İNFAK,"Ekonomik Hayat: Kazanç, Zekat ve İsraf","Toplumsal Dayanışma, Merhamet ve Kardeşlik",2
01.07.2016,2016,KADRİMİZİ YÜCELTEN GECE: KADİR GECESİ,"Vatan, Millet ve Tarih","Kandiller, Muharrem ve Mübarek Geceler; İman, Tevhid ve Ahiret",0
05.07.2016,2016,RAMAZAN BAYRAMI,"Ramazan, Oruç ve Bayramlar",,1
08.07.2016,2016,RABBİMİZE YAKINLAŞMA VESİLESİ: SILA-İ RAHİM,"Toplumsal Dayanışma, Merhamet ve Kardeşlik","Sabır, Tevekkül ve Manevi Olgunluk",1
15.07.2016,2016,HAYATIMIZI İBADET KILABİLMEK,İbadet ve Kulluk,,3
22.07.2016,2016,"GÜN, MİLLETÇE KENETLENME VE GELECEĞİMİZİ İNŞA ETME GÜNÜDÜR","Vatan, Millet ve Tarih",,2
29.07.2016,2016,"EN BÜYÜK BOZGUNCULUK, DİNİN MUAZZEZ DEĞERLERİNİ İSTİSMAR ETMEKTİR.","Vatan, Millet ve Tarih","Toplumsal Dayanışma, Merhamet ve Kardeşlik; Ahlak, Erdem ve Söz",2
05.08.2016,2016,KULLUK SADECE ALLAH’A ÖZGÜDÜR,"İman, Tevhid ve Ahiret","İbadet ve Kulluk; Ahlak, Erdem ve Söz",1
12.08.2016,2016,SIRÂT-I MÜSTAKİM,Kur'an-ı Kerim,"İman, Tevhid ve Ahiret; Peygamberimiz ve Ashab",0
19.08.2016,2016,MÜMİN VE EMANET BİLİNCİ,"Vatan, Millet ve Tarih","Ahlak, Erdem ve Söz; Toplumsal Dayanışma, Merhamet ve Kardeşlik",1
26.08.2016,2016,HAYAT VEREN DİN: İSLÂM,"Vatan, Millet ve Tarih",,2
02.09.2016,2016,KULLUK VE SAMİMİYET BEYANI: KURBAN,"Ramazan, Oruç ve Bayramlar","İbadet ve Kulluk; Toplumsal Dayanışma, Merhamet ve Kardeşlik",0
09.09.2016,2016,BAYRAM VE HZ. İBRAHİM,Peygamberimiz ve Ashab,"Ramazan, Oruç ve Bayramlar; İbadet ve Kulluk",4
12.09.2016,2016,KURBAN BAYRAMI,"Toplumsal Dayanışma, Merhamet ve Kardeşlik","Ramazan, Oruç ve Bayramlar; İbadet ve Kulluk",1
16.09.2016,2016,EBEDİ BAYRAMLARA BİRLİKTE YOL ALABİLMEK,İbadet ve Kulluk,"Toplumsal Dayanışma, Merhamet ve Kardeşlik; İman, Tevhid ve Ahiret",0
23.09.2016,2016,ALLAH’IM! İLİMLE YÜCELT BİZİ!,"Eğitim, Teknoloji, Çevre ve Toplumsal Değişim","İbadet ve Kulluk; Aile, Çocuk ve Nesil",1
30.09.2016,2016,CAMİ VE KİTAP MEDENİYETİ,İbadet ve Kulluk,"Kandiller, Muharrem ve Mübarek Geceler",1
07.10.2016,2016,YÜREKLERİMİZİ SAHRÂ-I KERBELÂ’YA DÖNÜŞTÜRMEYELİM,"Kandiller, Muharrem ve Mübarek Geceler",,3
14.10.2016,2016,HAYATA EMEKLE DOKUNMAK,"Toplumsal Dayanışma, Merhamet ve Kardeşlik","Ekonomik Hayat: Kazanç, Zekat ve İsraf",0
21.10.2016,2016,ALLAH’A VERDİĞİ SÖZE SADIK KİMSE: MÜMİN,Peygamberimiz ve Ashab,,3
04.11.2016,2016,ÖRNEK ÜMMET OLABİLMEK,"Toplumsal Dayanışma, Merhamet ve Kardeşlik","İman, Tevhid ve Ahiret",2
11.11.2016,2016,KELİME-İ ŞEHÂDET,"İman, Tevhid ve Ahiret",,0
18.11.2016,2016,ÜMMÜ’L-KİTAP: FATİHA,İbadet ve Kulluk,,0
25.11.2016,2016,HAYATIN GAYESİ,İbadet ve Kulluk,,1
02.12.2016,2016,YERYÜZÜNÜN KÜÇÜK VE ONURLU HALİFESİ: ÇOCUK,"Aile, Çocuk ve Nesil","Toplumsal Dayanışma, Merhamet ve Kardeşlik",1
09.12.2016,2016,HALEP’TE İNSANLIK ÖLMESİN!,"Kandiller, Muharrem ve Mübarek Geceler",İbadet ve Kulluk,1
16.12.2016,2016,HER ZORLUKLA BERABER BİR KOLAYLIK VARDIR.,"Vatan, Millet ve Tarih",,4
23.12.2016,2016,ALLAH’IN YARDIMI MÜMİNLERLE BERABERDİR.,"Vatan, Millet ve Tarih",,2
30.12.2016,2016,ÖMÜR NİMETİ,"Sabır, Tevekkül ve Manevi Olgunluk","İbadet ve Kulluk; Kandiller, Muharrem ve Mübarek Geceler",3
06.01.2017,2017,"GÜN, TERÖRE KARŞI YEKVÜCUT OLMA GÜNÜDÜR","Ahlak, Erdem ve Söz","Toplumsal Dayanışma, Merhamet ve Kardeşlik; Vatan, Millet ve Tarih",1
13.01.2017,2017,ALLAH’IN SEVDİĞİ BİR KUL OLABİLMEK,"Ekonomik Hayat: Kazanç, Zekat ve İsraf","İman, Tevhid ve Ahiret; Ahlak, Erdem ve Söz",0
20.01.2017,2017,RAHMÂN’IN MÜMİN KULLARI,"Ahlak, Erdem ve Söz","Sabır, Tevekkül ve Manevi Olgunluk",1
27.01.2017,2017,NAMAZI ZAYİ ETMEK,İbadet ve Kulluk,,3
03.02.2017,2017,"AHİT, AKİT VE MİSAK OLARAK NİKÂH","Aile, Çocuk ve Nesil",,1
10.02.2017,2017,MÜMİNCE YAKARIŞIN ADI: DUA,İbadet ve Kulluk,,6
17.02.2017,2017,ASR SURESİ’NİN ÖĞRETTİĞİ HAKİKATLER,"Sabır, Tevekkül ve Manevi Olgunluk",Kur'an-ı Kerim,0
24.02.2017,2017,ALLAH’A SIĞINMANIN EN GÜZEL İFADESİ: MUAVVİZETEYN SURESİ,İbadet ve Kulluk,"Ahlak, Erdem ve Söz",2
03.03.2017,2017,FİRDEVS CENNETİNE MİRASÇI OLMAK,"Ahlak, Erdem ve Söz",,1
10.03.2017,2017,KÖTÜLÜĞE ENGEL OLABİLMENİN YOLU İYİLİKTİR,"Ahlak, Erdem ve Söz",,1
17.03.2017,2017,ŞEHADETİN DESTANLAŞTIĞI YER: ÇANAKKALE,"Vatan, Millet ve Tarih",,2
24.03.2017,2017,HİKMET YÜKLÜ ÖĞÜTLER,"Ahlak, Erdem ve Söz","Kandiller, Muharrem ve Mübarek Geceler",0
31.03.2017,2017,"RAĞBETİMİZ, RABBİMİZE OLSUN!","Kandiller, Muharrem ve Mübarek Geceler",,2
07.04.2017,2017,ZULÜM EBEDİ DEĞİLDİR,İslam Coğrafyası ve Küresel Meseleler,İbadet ve Kulluk,2
14.04.2017,2017,HZ. PEYGAMBER VE GÜVEN TOPLUMU,"Toplumsal Dayanışma, Merhamet ve Kardeşlik","Kandiller, Muharrem ve Mübarek Geceler",3
21.04.2017,2017,MÜMİN GÜVENEN VE GÜVENİLEN İNSANDIR,"Toplumsal Dayanışma, Merhamet ve Kardeşlik","Kandiller, Muharrem ve Mübarek Geceler; İslam Coğrafyası ve Küresel Meseleler",5
28.04.2017,2017,GÜVEN VE MUHABBET KÖPRÜSÜ: SELAM,"Toplumsal Dayanışma, Merhamet ve Kardeşlik",,4
05.05.2017,2017,NEDAMET VE ÜMİDİN ADI: TÖVBE,"Kandiller, Muharrem ve Mübarek Geceler","Peygamberimiz ve Ashab; İman, Tevhid ve Ahiret",2
12.05.2017,2017,SAMİMİYETSİZLİĞİN ADI: RİYA,"Ahlak, Erdem ve Söz","İman, Tevhid ve Ahiret",1
19.05.2017,2017,GERÇEK ÖZGÜRLÜK: ALLAH’A KULLUK,İbadet ve Kulluk,"İman, Tevhid ve Ahiret",1
26.05.2017,2017,ÜZERİMİZDE HER CANIN HAKKI VARDIR,"Aile, Çocuk ve Nesil","Toplumsal Dayanışma, Merhamet ve Kardeşlik; Ramazan, Oruç ve Bayramlar",1
02.06.2017,2017,ORUCUN AÇLIĞI AÇGÖZLÜLÜĞÜ TEDAVİ EDER,"Ramazan, Oruç ve Bayramlar","Sabır, Tevekkül ve Manevi Olgunluk",2
09.06.2017,2017,KUR’AN AYINDA KUR’AN’LA BULUŞALIM,"Aile, Çocuk ve Nesil",,4
16.06.2017,2017,"ZEKÂT, KAZANCI ARTIRIR; FAİZ YOK EDER","Ekonomik Hayat: Kazanç, Zekat ve İsraf",,2
23.06.2017,2017,ÖMRÜMÜZÜ RAMAZAN KILABİLMEK,"Ramazan, Oruç ve Bayramlar","Sabır, Tevekkül ve Manevi Olgunluk",3
25.06.2017,2017,RAMAZAN BAYRAMI,"Toplumsal Dayanışma, Merhamet ve Kardeşlik","Ramazan, Oruç ve Bayramlar",1
30.06.2017,2017,ALLAH’IN SIKI TUTULMASINI EMRETTİĞİ BAĞ: SILA-İ RAHİM,"Toplumsal Dayanışma, Merhamet ve Kardeşlik",,0
07.07.2017,2017,İMANIMIZ VE İNSANLIĞIMIZIN İMTİHANI: MÜLTECİLER,İbadet ve Kulluk,"Vatan, Millet ve Tarih; İslam Coğrafyası ve Küresel Meseleler",1
14.07.2017,2017,SALÂLARIN ŞAHİT OLDUĞU DİRENİŞ: 15 TEMMUZ,"Vatan, Millet ve Tarih",,1
21.07.2017,2017,TÜKENMEYEN HÜZNÜMÜZ: KUDÜS VE MESCİD-İ AKSÂ,İslam Coğrafyası ve Küresel Meseleler,,0
28.07.2017,2017,"YARATAN, YAŞATAN, HİDAYET VEREN ALLAH’TIR","İman, Tevhid ve Ahiret",,0
04.08.2017,2017,RAHMAN’A HAS KUL OLABİLMEK,"Ahlak, Erdem ve Söz",,2
11.08.2017,2017,ÂYETE’L-KÜRSİ’DEN ÖĞRENDİĞİMİZ HAKİKATLER,"İman, Tevhid ve Ahiret","İbadet ve Kulluk; Ramazan, Oruç ve Bayramlar",0
18.08.2017,2017,ALIŞVERİŞ VE TİCARET AHLAKI,"Ahlak, Erdem ve Söz","Ekonomik Hayat: Kazanç, Zekat ve İsraf",10
25.08.2017,2017,ALLAH’A YAKIN OLMA ARAYIŞI: KURBAN,"İman, Tevhid ve Ahiret","Vatan, Millet ve Tarih",1
01.09.2017,2017,İMAN VE İSLAM’IN TEZAHÜRÜ: FAYDASIZ ŞEYLERDEN UZAK DURMAK,"Ramazan, Oruç ve Bayramlar","Toplumsal Dayanışma, Merhamet ve Kardeşlik",2
01.09.2017,2017,KURBAN BAYRAMI,"Ramazan, Oruç ve Bayramlar","Toplumsal Dayanışma, Merhamet ve Kardeşlik",2
08.09.2017,2017,MAZLUMUN YANINDA YER ALMAK,"Ramazan, Oruç ve Bayramlar","İman, Tevhid ve Ahiret; Ekonomik Hayat: Kazanç, Zekat ve İsraf",2
15.09.2017,2017,BİLENLERLE BİLMEYENLER BİR OLUR MU?,İslam Coğrafyası ve Küresel Meseleler,"Ekonomik Hayat: Kazanç, Zekat ve İsraf",1
22.09.2017,2017,HİCRET: KUTLU BİR YOLCULUK,Peygamberimiz ve Ashab,"Kandiller, Muharrem ve Mübarek Geceler; İbadet ve Kulluk",0
29.09.2017,2017,"CAMİ, ŞEHİR VE MEDENİYET",İbadet ve Kulluk,"Kandiller, Muharrem ve Mübarek Geceler",0
06.10.2017,2017,"ALLAH’I UNUTANLAR, UNUTULURLAR","İman, Tevhid ve Ahiret",İbadet ve Kulluk,6
13.10.2017,2017,CENNET YOLCUSU OLABİLMEK,"İman, Tevhid ve Ahiret","Sabır, Tevekkül ve Manevi Olgunluk; Ahlak, Erdem ve Söz",2
20.10.2017,2017,MÜMİNCE BİR DURUŞ: TEVEKKÜL,"Sabır, Tevekkül ve Manevi Olgunluk",,1
27.10.2017,2017,ŞÜKREDEN BİR KUL OLABİLMEK,"Sabır, Tevekkül ve Manevi Olgunluk",,2
03.11.2017,2017,SÜNNET: NEBEVİ KILAVUZ,Peygamberimiz ve Ashab,"İman, Tevhid ve Ahiret; Kur'an-ı Kerim",0
10.11.2017,2017,ÖRNEK İNSAN: MÜMİN,"Ahlak, Erdem ve Söz","Toplumsal Dayanışma, Merhamet ve Kardeşlik",5
17.11.2017,2017,ALLAH KATINDA DİN İSLAM’DIR,"İman, Tevhid ve Ahiret",,2
24.11.2017,2017,MEVLİD-İ NEBİ,Peygamberimiz ve Ashab,"Kandiller, Muharrem ve Mübarek Geceler; Eğitim, Teknoloji, Çevre ve Toplumsal Değişim",0
01.12.2017,2017,GÜNEŞİN DOĞDUĞU EN HAYIRLI GÜN: CUMA,İbadet ve Kulluk,,1
08.12.2017,2017,KAPANMAYAN YARAMIZ: KUDÜS,İslam Coğrafyası ve Küresel Meseleler,,1
15.12.2017,2017,KARDEŞLİĞE SAPLANAN HANÇER: GIYBET,"Ahlak, Erdem ve Söz",,3
22.12.2017,2017,HELAL HARAM DUYARLILIĞI,"Ekonomik Hayat: Kazanç, Zekat ve İsraf",,2
29.12.2017,2017,EŞSİZ SERMAYEMİZ: ÖMÜR,"Sabır, Tevekkül ve Manevi Olgunluk","Ekonomik Hayat: Kazanç, Zekat ve İsraf",3
05.01.2018,2018,DÜNYADAKİ CENNETİMİZ: AİLE,"Aile, Çocuk ve Nesil",,2
12.01.2018,2018,"HAKKIN YANINDA, BÂTILIN KARŞISINDA YER ALABİLMEK",Peygamberimiz ve Ashab,"İman, Tevhid ve Ahiret; Toplumsal Dayanışma, Merhamet ve Kardeşlik",0
19.01.2018,2018,ÖNCE KENDİMİZDEN SORUMLUYUZ,"Sabır, Tevekkül ve Manevi Olgunluk",,5
26.01.2018,2018,BİRLİK VE BERABERLİK RUHU,"Vatan, Millet ve Tarih",,1
02.02.2018,2018,İSLAM’IN İKİ ANA KAYNAĞI: KUR’AN VE SÜNNET,Kur'an-ı Kerim,"Eğitim, Teknoloji, Çevre ve Toplumsal Değişim; Peygamberimiz ve Ashab",0
09.02.2018,2018,"İSRAF, DİNÎ VE AHLAKÎ BİR İFLASTIR","Ekonomik Hayat: Kazanç, Zekat ve İsraf",,3
16.02.2018,2018,CİHÂD: ALLAH YOLUNDA CANLA VE MALLA MÜCADELE,"Vatan, Millet ve Tarih",,2
23.02.2018,2018,BAĞIMLILIK BİR TUZAKTIR,"Afet, Kriz ve Sağlık","Aile, Çocuk ve Nesil",6
02.03.2018,2018,İSLAM’DA TİCARET AHLAKI,"Ahlak, Erdem ve Söz","Ekonomik Hayat: Kazanç, Zekat ve İsraf; Aile, Çocuk ve Nesil",11
16.03.2018,2018,MİLLETİMİZİN VAROLUŞ MÜCADELESİ: ÇANAKKALE ZAFERİ,"Vatan, Millet ve Tarih",,4
23.03.2018,2018,İBADET HAYATIMIZ VE GÖNÜL DÜNYAMIZ,İbadet ve Kulluk,,9
06.04.2018,2018,İYİLİK: PAYLAŞILDIKÇA ARTAN DEĞER,"Ahlak, Erdem ve Söz",,5
20.04.2018,2018,YARINLARIMIZIN ÜMİDİ ÇOCUKLARIMIZ,"Aile, Çocuk ve Nesil",,5
27.04.2018,2018,"AF, ARINMA VE KURTULUŞ VESİLESİ: BERAT GECESİ","Kandiller, Muharrem ve Mübarek Geceler","İman, Tevhid ve Ahiret; Sabır, Tevekkül ve Manevi Olgunluk",0
04.05.2018,2018,KESİNTİSİZ HAYIR ÇEŞMESİ: VAKIFLAR,"Ekonomik Hayat: Kazanç, Zekat ve İsraf",,2
11.05.2018,2018,ADALET VE İHSAN YUVASI: AİLE,"Toplumsal Dayanışma, Merhamet ve Kardeşlik","Aile, Çocuk ve Nesil",2
18.05.2018,2018,DİNMEYEN YARAMIZ: KUDÜS,İslam Coğrafyası ve Küresel Meseleler,,1
25.05.2018,2018,ORUÇ VE KUR’ÂN AYI RAMAZAN,"Ramazan, Oruç ve Bayramlar","Toplumsal Dayanışma, Merhamet ve Kardeşlik; Sabır, Tevekkül ve Manevi Olgunluk",3
01.06.2018,2018,MEŞRU OLMAYAN KAZANÇ: FAİZ,"Ekonomik Hayat: Kazanç, Zekat ve İsraf",,5
08.06.2018,2018,"AFİYET OLSUN, İSRAF OLMASIN","Ekonomik Hayat: Kazanç, Zekat ve İsraf","Sabır, Tevekkül ve Manevi Olgunluk; Kandiller, Muharrem ve Mübarek Geceler",3
15.06.2018,2018,RAMAZAN BAYRAMI,"Ramazan, Oruç ve Bayramlar","Toplumsal Dayanışma, Merhamet ve Kardeşlik; İbadet ve Kulluk",7
15.06.2018,2018,KULLUK BİLİNCİYLE BİR ÖMÜR GEÇİRMEK,"Ramazan, Oruç ve Bayramlar","Toplumsal Dayanışma, Merhamet ve Kardeşlik; İbadet ve Kulluk",7
22.06.2018,2018,YAZ KUR’AN KURSLARI VE ÖNEMİ,Kur'an-ı Kerim,,2
29.06.2018,2018,EVLADIN ANNE-BABA ÜZERİNDEKİ HAKLARINDAN BİRİ: GÜZEL İSİM,"Aile, Çocuk ve Nesil","Ahlak, Erdem ve Söz; Vatan, Millet ve Tarih",2
06.07.2018,2018,ALLAH’IN RIZASINA ULAŞTIRAN SALİH AMELLER,"İman, Tevhid ve Ahiret","Sabır, Tevekkül ve Manevi Olgunluk; Ahlak, Erdem ve Söz",3
13.07.2018,2018,MİLLETÇE YENİDEN DOĞUŞ: 15 TEMMUZ,"Vatan, Millet ve Tarih",,1
20.07.2018,2018,DÜĞÜN ÂDÂBI,"Aile, Çocuk ve Nesil",,4
27.07.2018,2018,İMAN-AMEL İLİŞKİSİ,"İman, Tevhid ve Ahiret","Sabır, Tevekkül ve Manevi Olgunluk; Ahlak, Erdem ve Söz",4
03.08.2018,2018,CAMİ VE CEMAAT ADABI,İbadet ve Kulluk,,3
10.08.2018,2018,"KURBAN, ALLAH’A YAKINLAŞMA VESİLESİDİR","Ramazan, Oruç ve Bayramlar",,1
17.08.2018,2018,SADAKA-İ CÂRİYE,"Ekonomik Hayat: Kazanç, Zekat ve İsraf",,6
21.08.2018,2018,KURBAN BAYRAMI,"Ramazan, Oruç ve Bayramlar",,2
24.08.2018,2018,"GAYRET MÜMİNLERDEN, ZAFER ALLAH’TANDIR","Vatan, Millet ve Tarih",,3
31.08.2018,2018,"ÇALIŞMAK, HAYATIMIZA BEREKET GETİRİR","Ekonomik Hayat: Kazanç, Zekat ve İsraf","Sabır, Tevekkül ve Manevi Olgunluk",3
07.09.2018,2018,HİCRET,Peygamberimiz ve Ashab,,0
14.09.2018,2018,MUHARREM AYI VE ÂŞÛRÂ GÜNÜ,"Kandiller, Muharrem ve Mübarek Geceler",,0
21.09.2018,2018,ALLAH’IN GÜZEL İSİMLERİNDEN MÜMİNLERE MESAJLAR,"İman, Tevhid ve Ahiret","Ahlak, Erdem ve Söz",0
28.09.2018,2018,CAMİLER VE DİN HİZMETİNE ADANMIŞ ÖMÜRLER,İbadet ve Kulluk,Kur'an-ı Kerim,0
05.10.2018,2018,CENAZE ÂDÂBI: AHİRET YOLCUSUNA,"İman, Tevhid ve Ahiret","Toplumsal Dayanışma, Merhamet ve Kardeşlik; Sabır, Tevekkül ve Manevi Olgunluk",5
12.10.2018,2018,"CENÂB-I HAK, HER HAK SAHİBİNE HAKKINI VERMİŞTİR","Toplumsal Dayanışma, Merhamet ve Kardeşlik",,5
19.10.2018,2018,MADDİ VE MANEVİ ARINMA: TEMİZLİK,"İman, Tevhid ve Ahiret","Eğitim, Teknoloji, Çevre ve Toplumsal Değişim; Ahlak, Erdem ve Söz",4
26.10.2018,2018,AİLEDE ŞEFKAT VE NEZAKET DİLİ,"Aile, Çocuk ve Nesil","Toplumsal Dayanışma, Merhamet ve Kardeşlik",3
02.11.2018,2018,TEMİZ GIDA TEMİZ NESİL,"Sabır, Tevekkül ve Manevi Olgunluk","Eğitim, Teknoloji, Çevre ve Toplumsal Değişim",5
09.11.2018,2018,SAĞLIK: DÜNYALARA DEĞER NİMET,"Toplumsal Dayanışma, Merhamet ve Kardeşlik","Sabır, Tevekkül ve Manevi Olgunluk",4
16.11.2018,2018,MEVLİD-İ NEBİ,Peygamberimiz ve Ashab,,2
23.11.2018,2018,EN BÜYÜK ZENGİNLİĞİMİZ GENÇLERİMİZ,"Aile, Çocuk ve Nesil","Eğitim, Teknoloji, Çevre ve Toplumsal Değişim; Afet, Kriz ve Sağlık",1
30.11.2018,2018,NEFİS: İYİ VE KÖTÜNÜN MÜCADELE ALANI,"Sabır, Tevekkül ve Manevi Olgunluk",,2
07.12.2018,2018,SELÂM: İSLÂM’IN GÜVEN VE BARIŞ ÇAĞRISI,"Toplumsal Dayanışma, Merhamet ve Kardeşlik",Peygamberimiz ve Ashab,2
14.12.2018,2018,RAHMET VE MAĞFİRET KAPISI: TEVBE,"İman, Tevhid ve Ahiret",Peygamberimiz ve Ashab,7
21.12.2018,2018,VARLIĞIN İLAHİ MAYASI MERHAMET,"Toplumsal Dayanışma, Merhamet ve Kardeşlik",,2
28.12.2018,2018,BİR ÖMÜR SORUMLULUK BİLİNCİYLE YAŞAMAK,"İman, Tevhid ve Ahiret","Sabır, Tevekkül ve Manevi Olgunluk",3
04.01.2019,2019,ÖZÜ SÖZÜ DOĞRU OLMAK,"Ahlak, Erdem ve Söz",,3
11.01.2019,2019,"İNSANIN KEMAL YOLCULUĞU: İSLAM, İMAN VE İHSAN",İbadet ve Kulluk,"Peygamberimiz ve Ashab; Sabır, Tevekkül ve Manevi Olgunluk",4
18.01.2019,2019,MÜSLÜMANLAR İLİM VE MEDENİYETİN ÖNCÜLERİDİR,"Eğitim, Teknoloji, Çevre ve Toplumsal Değişim",,3
25.01.2019,2019,İSLAM AHLÂKININ ÖZÜ HAYÂDIR,"Ahlak, Erdem ve Söz",,7
01.02.2019,2019,RIFK: ALLAH HER İŞTE ZERAFETİ SEVER,"Sabır, Tevekkül ve Manevi Olgunluk",,6
08.02.2019,2019,İBADET: KUL OLMA ŞUURU,İbadet ve Kulluk,"Ramazan, Oruç ve Bayramlar",4
15.02.2019,2019,HAYATI YAŞANILIR KILMANIN YOLU: DİN VE MANEVİYAT,"Sabır, Tevekkül ve Manevi Olgunluk","Ekonomik Hayat: Kazanç, Zekat ve İsraf; İman, Tevhid ve Ahiret",2
22.02.2019,2019,"YAŞLILARA HÜRMET, ÖMRÜMÜZE BEREKET","Aile, Çocuk ve Nesil","Toplumsal Dayanışma, Merhamet ve Kardeşlik",5
01.03.2019,2019,BEREKET MEVSİMİ: ÜÇ AYLAR,"Ramazan, Oruç ve Bayramlar","Kandiller, Muharrem ve Mübarek Geceler; Toplumsal Dayanışma, Merhamet ve Kardeşlik",2
08.03.2019,2019,İYİLİK PAYLAŞTIKÇA ÇOĞALIR,"Ahlak, Erdem ve Söz",,3
15.03.2019,2019,ÇANAKKALE ZAFERİ VE BİRLİK RUHU,"Vatan, Millet ve Tarih",,2
22.03.2019,2019,KUR’AN VE SÜNNET BİR BÜTÜNDÜR,Peygamberimiz ve Ashab,Kur'an-ı Kerim,0
29.03.2019,2019,MİRAÇ GECESİ,İbadet ve Kulluk,"İslam Coğrafyası ve Küresel Meseleler; Kandiller, Muharrem ve Mübarek Geceler",2
05.04.2019,2019,MÜSLÜMAN HAYIRLI BİR KOMŞUDUR,"Toplumsal Dayanışma, Merhamet ve Kardeşlik",,4
12.04.2019,2019,İMANIN HAYATIMIZDAKİ YANSIMALARI,"İman, Tevhid ve Ahiret","Sabır, Tevekkül ve Manevi Olgunluk",1
19.04.2019,2019,BERÂT GECESİ,"İman, Tevhid ve Ahiret","Kandiller, Muharrem ve Mübarek Geceler; Sabır, Tevekkül ve Manevi Olgunluk",0
26.04.2019,2019,TİCARET HAYATININ BEREKETİ: İŞ AHLAKI,"Ekonomik Hayat: Kazanç, Zekat ve İsraf",,3
03.05.2019,2019,HOŞ GELDİN YA ŞEHR-İ RAMAZAN,İbadet ve Kulluk,"Ramazan, Oruç ve Bayramlar",4
10.05.2019,2019,RAMAZAN VE İNFAK,"Ekonomik Hayat: Kazanç, Zekat ve İsraf","Toplumsal Dayanışma, Merhamet ve Kardeşlik",4
17.05.2019,2019,PEYGAMBERİMİZİN TARİFİYLE HAYIRLI MÜSLÜMAN,"Ahlak, Erdem ve Söz",,4
24.05.2019,2019,KARDEŞLİĞİMİZ ZEKÂT VE FITIR SADAKASIYLA BEREKETLENSİN,"Ramazan, Oruç ve Bayramlar","Toplumsal Dayanışma, Merhamet ve Kardeşlik; Ekonomik Hayat: Kazanç, Zekat ve İsraf",7
04.06.2019,2019,RAMAZAN BAYRAMI,"Ramazan, Oruç ve Bayramlar","Toplumsal Dayanışma, Merhamet ve Kardeşlik",3
07.06.2019,2019,"AİLE OLMAK, AİLE KALMAK","Aile, Çocuk ve Nesil","Toplumsal Dayanışma, Merhamet ve Kardeşlik",8
14.06.2019,2019,"CAMİLER ÇOCUK DOLSUN, AHLAKI KUR’AN OLSUN","Eğitim, Teknoloji, Çevre ve Toplumsal Değişim","Kur'an-ı Kerim; Ahlak, Erdem ve Söz",1
21.06.2019,2019,ALLAH’A İMAN,"İman, Tevhid ve Ahiret",,0
28.06.2019,2019,BİR MUKADDES YOLCULUK: HAC,İbadet ve Kulluk,"Ramazan, Oruç ve Bayramlar; Peygamberimiz ve Ashab",2
05.07.2019,2019,"NESLİN KORUNMASI: ERDEMLİ BİR NESİL, HUZURLU BİR GELECEK","Aile, Çocuk ve Nesil",,1
12.07.2019,2019,"15 TEMMUZ’U ANMAK, İHANETİ ANLAMAK","Vatan, Millet ve Tarih",,2
19.07.2019,2019,CUMA NAMAZI VE ADABI,İbadet ve Kulluk,,3
26.07.2019,2019,BEDEN MAHREMİYETİ VE TESETTÜR,"Ahlak, Erdem ve Söz","Eğitim, Teknoloji, Çevre ve Toplumsal Değişim",3
02.08.2019,2019,RABBİN İÇİN KURBAN KES,"Ramazan, Oruç ve Bayramlar",,1
09.08.2019,2019,MÜMİN: HUZURLU TOPLUMUN TEMİNATI,"Toplumsal Dayanışma, Merhamet ve Kardeşlik","Ahlak, Erdem ve Söz",8
11.08.2019,2019,KURBAN BAYRAMI,"Ramazan, Oruç ve Bayramlar",,3
16.08.2019,2019,GÜVENLİ BİR HAYAT İÇİN AFETLERE HAZIR OLALIM,"Afet, Kriz ve Sağlık","Sabır, Tevekkül ve Manevi Olgunluk",5
23.08.2019,2019,FAİZİN TOPLUMSAL ZARARLARI,"Ekonomik Hayat: Kazanç, Zekat ve İsraf",,6
30.08.2019,2019,VATAN BİZE EMANETTİR,"Vatan, Millet ve Tarih",,3
06.09.2019,2019,MUHARREM AYI VE ÂŞÛRÂ GÜNÜ,"Kandiller, Muharrem ve Mübarek Geceler",,2
13.09.2019,2019,HER CAN DOKUNULMAZDIR,"Aile, Çocuk ve Nesil",,7
20.09.2019,2019,TEVAZU İNSANI YÜCELTİR,"Ahlak, Erdem ve Söz",,4
27.09.2019,2019,CAMİ VE HAYAT,İbadet ve Kulluk,,0
04.10.2019,2019,DÜNYA EVİMİZ BİZE EMANETTİR,"Ekonomik Hayat: Kazanç, Zekat ve İsraf","Eğitim, Teknoloji, Çevre ve Toplumsal Değişim",6
11.10.2019,2019,GÜN BİRLİK VE DAYANIŞMA GÜNÜDÜR,"Vatan, Millet ve Tarih","Toplumsal Dayanışma, Merhamet ve Kardeşlik",1
18.10.2019,2019,KUL VE KAMU HAKKI,"Toplumsal Dayanışma, Merhamet ve Kardeşlik",,5
25.10.2019,2019,DUALARIMIZ MEHMETÇİĞİMİZ İÇİN,"Vatan, Millet ve Tarih",,2
01.11.2019,2019,DÜNYEVİLEŞMEK: GEÇİCİ OLANA GÖNÜL VERMEK,"Sabır, Tevekkül ve Manevi Olgunluk","İman, Tevhid ve Ahiret; Eğitim, Teknoloji, Çevre ve Toplumsal Değişim",2
08.11.2019,2019,MEVLİD-İ NEBİ,Peygamberimiz ve Ashab,"Toplumsal Dayanışma, Merhamet ve Kardeşlik",2
15.11.2019,2019,PEYGAMBERİMİZ VE AİLE,"Aile, Çocuk ve Nesil","Peygamberimiz ve Ashab; Toplumsal Dayanışma, Merhamet ve Kardeşlik",4
22.11.2019,2019,MUSİBETLER KARŞISINDA MÜMİNİN TAVRI,"Sabır, Tevekkül ve Manevi Olgunluk",,5
29.11.2019,2019,DİNİN ÖZÜ SAMİMİYETTİR,"Ahlak, Erdem ve Söz",,2
06.12.2019,2019,BATIL İNANÇ VE HURAFELER,"Sabır, Tevekkül ve Manevi Olgunluk","Eğitim, Teknoloji, Çevre ve Toplumsal Değişim; İman, Tevhid ve Ahiret",1
13.12.2019,2019,NAMAZ: RABBİMİZE YAKIN OLMA ÇABAMIZ,İbadet ve Kulluk,,2
20.12.2019,2019,TAKVA: EN HAYIRLI AZIĞIMIZ,"Ahlak, Erdem ve Söz","Sabır, Tevekkül ve Manevi Olgunluk",5
27.12.2019,2019,TEFEKKÜR İLE BİR ÖMÜR GEÇİRMEK,"İman, Tevhid ve Ahiret","Sabır, Tevekkül ve Manevi Olgunluk",3
03.01.2020,2020,"İNSAN, İMAN VE HAYAT","Ekonomik Hayat: Kazanç, Zekat ve İsraf","İman, Tevhid ve Ahiret; Sabır, Tevekkül ve Manevi Olgunluk",1
10.01.2020,2020,PEYGAMBERİMİZİN DİLİNDEN DUALAR,"Sabır, Tevekkül ve Manevi Olgunluk",İbadet ve Kulluk,2
17.01.2020,2020,TEKNOLOJİ BAĞIMLILIĞI VE SOSYAL MEDYA AHLAKI,"Eğitim, Teknoloji, Çevre ve Toplumsal Değişim","Aile, Çocuk ve Nesil; Toplumsal Dayanışma, Merhamet ve Kardeşlik",3
24.01.2020,2020,SORUMLULUK SAHİBİ BİR BABA OLABİLMEK,"Toplumsal Dayanışma, Merhamet ve Kardeşlik","Aile, Çocuk ve Nesil",5
31.01.2020,2020,AFETLERE KARŞI BİLİNÇLİ OLALIM,"Afet, Kriz ve Sağlık","Toplumsal Dayanışma, Merhamet ve Kardeşlik",3
07.02.2020,2020,KUDÜS İSLAM YURDUDUR,İslam Coğrafyası ve Küresel Meseleler,"Afet, Kriz ve Sağlık",2
14.02.2020,2020,ALLAH İLE KUL ARASINDAKİ BAĞ,"İman, Tevhid ve Ahiret",,1
21.02.2020,2020,ÜÇ AYLARIN MANEVİ İKLİMİNE YAKLAŞIRKEN,"Kandiller, Muharrem ve Mübarek Geceler","Ramazan, Oruç ve Bayramlar",0
28.02.2020,2020,"HAK UĞRUNDA MÜCADELEMİZ, BİRLİK VE BERABERLİK RUHUMUZ","Vatan, Millet ve Tarih",,4
06.03.2020,2020,"ALLAH TEMİZDİR, TEMİZLİĞİ SEVER",İbadet ve Kulluk,"Peygamberimiz ve Ashab; Vatan, Millet ve Tarih",4
13.03.2020,2020,TEDBİR MÜMİN’DEN TAKDİR ALLAH’TANDIR,"Afet, Kriz ve Sağlık","Sabır, Tevekkül ve Manevi Olgunluk",1
27.03.2020,2020,ZORLUKLAR KARŞISINDA MÜMİN,"Afet, Kriz ve Sağlık","Sabır, Tevekkül ve Manevi Olgunluk",5
03.04.2020,2020,BERAT GECESİ: AF VE ARINMA VESİLESİ,"Kandiller, Muharrem ve Mübarek Geceler","İbadet ve Kulluk; İman, Tevhid ve Ahiret",5
10.04.2020,2020,"İNSAN, SORUMLULUK SAHİBİDİR","Sabır, Tevekkül ve Manevi Olgunluk","İbadet ve Kulluk; İman, Tevhid ve Ahiret",5
17.04.2020,2020,AİLE: HUZUR VE GÜVEN KAYNAĞI,"Ramazan, Oruç ve Bayramlar","Sabır, Tevekkül ve Manevi Olgunluk; Peygamberimiz ve Ashab",9
01.05.2020,2020,RAMAZAN VE SORUMLULUK BİLİNCİ,"Sabır, Tevekkül ve Manevi Olgunluk","Ramazan, Oruç ve Bayramlar",3
08.05.2020,2020,"RAMAZAN: İNFAK, YARDIMLAŞMA VE PAYLAŞMA AYI","Toplumsal Dayanışma, Merhamet ve Kardeşlik","Ekonomik Hayat: Kazanç, Zekat ve İsraf",5
15.05.2020,2020,KUR’AN’LA YAŞAMAK,"Kandiller, Muharrem ve Mübarek Geceler","Ramazan, Oruç ve Bayramlar; Kur'an-ı Kerim",4
22.05.2020,2020,BİR ÖMRÜ RAMAZAN GİBİ YAŞAMAK,"İman, Tevhid ve Ahiret","İbadet ve Kulluk; Ramazan, Oruç ve Bayramlar",6
29.05.2020,2020,HAMDOLSUN RABBİMİZE,İbadet ve Kulluk,"Afet, Kriz ve Sağlık",0
05.06.2020,2020,AHİRETE İNANAN MÜMİN,"İman, Tevhid ve Ahiret",,2
12.06.2020,2020,"MÜSTAKİM OL, EMİN OL HER TASADAN!","İman, Tevhid ve Ahiret","Peygamberimiz ve Ashab; Sabır, Tevekkül ve Manevi Olgunluk",0
19.06.2020,2020,HALİS NİYET VE SAMİMİYET,İbadet ve Kulluk,"İman, Tevhid ve Ahiret",2
26.06.2020,2020,YUVALARIMIZ KUR’AN İLE AYDINLANSIN,"Aile, Çocuk ve Nesil","Eğitim, Teknoloji, Çevre ve Toplumsal Değişim; Kur'an-ı Kerim",1
03.07.2020,2020,SABRIN SONU SELAMETTİR,"Sabır, Tevekkül ve Manevi Olgunluk",,2
10.07.2020,2020,15 TEMMUZ VE BİRLİK RUHU,"Vatan, Millet ve Tarih",,2
17.07.2020,2020,"KURBANINI PAYLAŞ, KARDEŞİNLE YAKINLAŞ","Ramazan, Oruç ve Bayramlar","Toplumsal Dayanışma, Merhamet ve Kardeşlik",2
24.07.2020,2020,"AYASOFYA: FETHİN NİŞANESİ, FATİH’İN EMANETİ",İbadet ve Kulluk,"Vatan, Millet ve Tarih",2
31.07.2020,2020,KURBAN BAYRAMI: TAKVA YOLCULUĞU,"Ramazan, Oruç ve Bayramlar",,3
31.07.2020,2020,VEDA HUTBESİ: ÇAĞLARI AŞAN NEBEVİ VASİYET,"Ramazan, Oruç ve Bayramlar",,3
07.08.2020,2020,"MÜMİNCE BİR DUYARLILIK: İYİLİĞİ EMRETMEK, KÖTÜLÜKTEN SAKINDIRMAK","Toplumsal Dayanışma, Merhamet ve Kardeşlik","Sabır, Tevekkül ve Manevi Olgunluk; Afet, Kriz ve Sağlık",2
14.08.2020,2020,ŞÜKREDEN HUZUR BULUR,"Sabır, Tevekkül ve Manevi Olgunluk","İman, Tevhid ve Ahiret",1
21.08.2020,2020,"MÜMİN: HAKKIN TEMSİLCİSİ, HAKİKATİN DAVETÇİSİ","Sabır, Tevekkül ve Manevi Olgunluk",Kur'an-ı Kerim,5
28.08.2020,2020,ALLAH’IN DİNİNİ YÜCELTME GAYRETİ,"Vatan, Millet ve Tarih",,0
04.09.2020,2020,"İSLAM, TEMİZLİĞİ EMREDER","Afet, Kriz ve Sağlık","İman, Tevhid ve Ahiret",2
11.09.2020,2020,DİN İSTİSMARINA KARŞI FERASETLİ VE BASİRETLİ OLALIM,Kur'an-ı Kerim,"Peygamberimiz ve Ashab; Toplumsal Dayanışma, Merhamet ve Kardeşlik",0
18.09.2020,2020,BEREKET: MANEVİ BOLLUK,"Sabır, Tevekkül ve Manevi Olgunluk",,2
25.09.2020,2020,CAMİ VE İLİM,İbadet ve Kulluk,"Eğitim, Teknoloji, Çevre ve Toplumsal Değişim; Peygamberimiz ve Ashab",1
02.10.2020,2020,MURAKABE VE MUHASEBE BİLİNCİ,"Sabır, Tevekkül ve Manevi Olgunluk","Afet, Kriz ve Sağlık",3
09.10.2020,2020,MÜMİNİN YUMUŞAK HUYLULUĞU,"Toplumsal Dayanışma, Merhamet ve Kardeşlik","Ahlak, Erdem ve Söz; Vatan, Millet ve Tarih",2
16.10.2020,2020,"CAMİ: ALLAH’IN EVİ, MÜMİNLERİN ESERİ",İbadet ve Kulluk,"İman, Tevhid ve Ahiret",1
23.10.2020,2020,MEVLİD-İ NEBİ,Peygamberimiz ve Ashab,"Kandiller, Muharrem ve Mübarek Geceler",2
30.10.2020,2020,PEYGAMBERİMİZ VE ÇOCUK,"Aile, Çocuk ve Nesil","Toplumsal Dayanışma, Merhamet ve Kardeşlik; Sabır, Tevekkül ve Manevi Olgunluk",2
06.11.2020,2020,MÜMİN SORUMLULUK SAHİBİDİR,"İman, Tevhid ve Ahiret","Sabır, Tevekkül ve Manevi Olgunluk; İbadet ve Kulluk",2
13.11.2020,2020,"ABDEST: BEDENİMİZE SAĞLIK, RUHUMUZA HUZUR",İbadet ve Kulluk,"Ramazan, Oruç ve Bayramlar",4
20.11.2020,2020,CENNET: MÜMİNLERİ BEKLEYEN SONSUZ NİMET,"Sabır, Tevekkül ve Manevi Olgunluk","İman, Tevhid ve Ahiret",4
27.11.2020,2020,FAYDASIZ İŞLERİ TERK ETMEK KULLUĞUN GÜZELLİĞİNDENDİR,"Ekonomik Hayat: Kazanç, Zekat ve İsraf",,1
04.12.2020,2020,ENGELLİLİK: CENNETE KAVUŞTURAN İMTİHAN,"Toplumsal Dayanışma, Merhamet ve Kardeşlik","Sabır, Tevekkül ve Manevi Olgunluk",1
11.12.2020,2020,SU: HAYAT VE ŞİFA KAYNAĞIMIZ,"Afet, Kriz ve Sağlık","İbadet ve Kulluk; İman, Tevhid ve Ahiret",2
18.12.2020,2020,MÜMİN HER İŞİNDE MUTEDİLDİR,"Sabır, Tevekkül ve Manevi Olgunluk",,1
25.12.2020,2020,İÇKİ: KÖTÜLÜĞÜN ZEHİRLİ ARKADAŞI,"Ekonomik Hayat: Kazanç, Zekat ve İsraf","Vatan, Millet ve Tarih; Afet, Kriz ve Sağlık",1
01.01.2021,2021,"GEÇMİŞİN MUHASEBESİ, GELECEĞİN İMARI","İman, Tevhid ve Ahiret","Kandiller, Muharrem ve Mübarek Geceler; Toplumsal Dayanışma, Merhamet ve Kardeşlik",1
08.01.2021,2021,FÂTİHA SÛRESİ: KUR’AN’IN MUKADDİMESİ,İbadet ve Kulluk,"Eğitim, Teknoloji, Çevre ve Toplumsal Değişim; Kur'an-ı Kerim",3
15.01.2021,2021,MİRAS: HER HAK SAHİBİNE HAKKINI VERMEK,"Toplumsal Dayanışma, Merhamet ve Kardeşlik","Aile, Çocuk ve Nesil",2
22.01.2021,2021,AKLIN İBADETİ: TEFEKKÜR,İbadet ve Kulluk,"İman, Tevhid ve Ahiret",2
29.01.2021,2021,HAYVANLARA MERHAMET: DİNÎ VE İNSANÎ SORUMLULUĞUMUZ,"Ahlak, Erdem ve Söz","Toplumsal Dayanışma, Merhamet ve Kardeşlik; Sabır, Tevekkül ve Manevi Olgunluk",3
05.02.2021,2021,GENÇLERİMİZ: EN BÜYÜK İMKÂN VE ZENGİNLİĞİMİZ,"İman, Tevhid ve Ahiret","Peygamberimiz ve Ashab; Aile, Çocuk ve Nesil",2
12.02.2021,2021,MANEVÎ HUZUR İKLİMİNE GİRERKEN,"Ramazan, Oruç ve Bayramlar","Kandiller, Muharrem ve Mübarek Geceler; Sabır, Tevekkül ve Manevi Olgunluk",0
19.02.2021,2021,İMANIN TADINA ERMEK: ALLAH VE RESÛLÜ’NÜ SEVMEK,"Vatan, Millet ve Tarih","Peygamberimiz ve Ashab; İman, Tevhid ve Ahiret",1
26.02.2021,2021,ZOR ZAMANLARDA MANEVİYATIMIZDAN DESTEK ALMAK,"Sabır, Tevekkül ve Manevi Olgunluk",İbadet ve Kulluk,3
05.03.2021,2021,İSRÂ VE MİRAÇ,"Vatan, Millet ve Tarih","İslam Coğrafyası ve Küresel Meseleler; Kandiller, Muharrem ve Mübarek Geceler",0
12.03.2021,2021,İSTİKLÂL MARŞI: HAKKIDIR HAKKA TAPAN MİLLETİMİN İSTİKLÂL!,"Vatan, Millet ve Tarih",,1
19.03.2021,2021,"ANNE-BABA RIZASI, RABBİMİZİN RIZASINA VESİLEDİR","Aile, Çocuk ve Nesil","Peygamberimiz ve Ashab; Toplumsal Dayanışma, Merhamet ve Kardeşlik",2
26.03.2021,2021,BERAT GECESİ: AF VE MAĞFİRET GECESİ,"Afet, Kriz ve Sağlık","Kandiller, Muharrem ve Mübarek Geceler",1
02.04.2021,2021,BİRBİRİMİZİN FARKINDA OLALIM,"Toplumsal Dayanışma, Merhamet ve Kardeşlik",,2
09.04.2021,2021,RAMAZAN: KUTLU MİSAFİR,"Ramazan, Oruç ve Bayramlar","İman, Tevhid ve Ahiret; Afet, Kriz ve Sağlık",1
16.04.2021,2021,ŞİFA AYI RAMAZAN,"Ramazan, Oruç ve Bayramlar",İbadet ve Kulluk,1
23.04.2021,2021,YETİM: CENÂB-I HAKK’IN İNSANLIĞA EMANETİ,"Toplumsal Dayanışma, Merhamet ve Kardeşlik","Aile, Çocuk ve Nesil; Ahlak, Erdem ve Söz",3
30.04.2021,2021,İNFAK TOPLUMUN ŞİFASIDIR,"Ekonomik Hayat: Kazanç, Zekat ve İsraf","Toplumsal Dayanışma, Merhamet ve Kardeşlik",2
07.05.2021,2021,KADİR GECESİ: BİN AYDAN HAYIRLI GECE,İbadet ve Kulluk,"Ramazan, Oruç ve Bayramlar; Kandiller, Muharrem ve Mübarek Geceler",0
13.05.2021,2021,KUDÜS’ÜN ÖZGÜR OLDUĞU BAYRAMLARA,"Toplumsal Dayanışma, Merhamet ve Kardeşlik","Ramazan, Oruç ve Bayramlar; İslam Coğrafyası ve Küresel Meseleler",2
14.05.2021,2021,VAKIF: ŞEFKAT VE MERHAMET MEDENİYETİ,"Ekonomik Hayat: Kazanç, Zekat ve İsraf",,3
21.05.2021,2021,ZULÜM CEZASIZ KALMAZ,İslam Coğrafyası ve Küresel Meseleler,,2
28.05.2021,2021,"YÜCE ALLAH, MÜMİNLERİN YARDIMCISIDIR","Sabır, Tevekkül ve Manevi Olgunluk",Kur'an-ı Kerim,2
04.06.2021,2021,İSLAM ZARARLI ALIŞKANLIKLARI YASAKLAR,"Aile, Çocuk ve Nesil","Sabır, Tevekkül ve Manevi Olgunluk; Afet, Kriz ve Sağlık",2
11.06.2021,2021,AİLEMDE MERHAMET VE HUZUR VAR,"Toplumsal Dayanışma, Merhamet ve Kardeşlik","Aile, Çocuk ve Nesil",2
18.06.2021,2021,MÜSLÜMAN ŞAHSİYETİ,"Ahlak, Erdem ve Söz","Vatan, Millet ve Tarih; Eğitim, Teknoloji, Çevre ve Toplumsal Değişim",1
25.06.2021,2021,KUR’AN’IN MANEVÎ İKLİMİYLE BULUŞALIM,Kur'an-ı Kerim,"Sabır, Tevekkül ve Manevi Olgunluk",2
02.07.2021,2021,DÜĞÜNLERİMİZDE NEBEVÎ ÖLÇÜYE RİAYET EDELİM,"Aile, Çocuk ve Nesil",,3
09.07.2021,2021,"İHANETE KARŞI SADAKATE, CESARETE VE ŞEHADETE ŞAHİDİZ","Vatan, Millet ve Tarih","Ekonomik Hayat: Kazanç, Zekat ve İsraf",1
16.07.2021,2021,"KURBAN: TEVHİDİN SEMBOLÜ, İSLAM’IN ŞİARI","Ramazan, Oruç ve Bayramlar",İbadet ve Kulluk,0
20.07.2021,2021,KURBAN BAYRAMI,"Ramazan, Oruç ve Bayramlar",,1
23.07.2021,2021,MÜSLÜMAN’IN MÜSLÜMAN ÜZERİNDEKİ HAKLARI,"Toplumsal Dayanışma, Merhamet ve Kardeşlik",,2
30.07.2021,2021,AFETLERE KARŞI SORUMLULUĞUMUZUN İDRAKİNDE OLALIM,"Afet, Kriz ve Sağlık","Ahlak, Erdem ve Söz; Toplumsal Dayanışma, Merhamet ve Kardeşlik",2
06.08.2021,2021,ZORLUKLAR BİRLİKTE AŞILIR,"Afet, Kriz ve Sağlık","Toplumsal Dayanışma, Merhamet ve Kardeşlik; Sabır, Tevekkül ve Manevi Olgunluk",2
13.08.2021,2021,KERBELÂ’YI İBRET NAZARIYLA OKUYALIM,"Kandiller, Muharrem ve Mübarek Geceler",,2
20.08.2021,2021,MÜSLÜMAN İŞİNİ SAĞLAM VE GÜZEL YAPAR,"Ekonomik Hayat: Kazanç, Zekat ve İsraf","Ahlak, Erdem ve Söz",3
27.08.2021,2021,ALLAH’IN YARDIM ETTİĞİNE MAĞLUBİYET YOKTUR,"Vatan, Millet ve Tarih",,0
03.09.2021,2021,ALLAH İLİM YOLCUSUNA CENNETİ KOLAYLAŞTIRIR,"Eğitim, Teknoloji, Çevre ve Toplumsal Değişim",,1
10.09.2021,2021,CUMA NAMAZI: HAFTALIK BULUŞMAMIZ,İbadet ve Kulluk,,2
17.09.2021,2021,TİCARET HAYATINDA HELAL HARAM BİLİNCİ,"Ekonomik Hayat: Kazanç, Zekat ve İsraf",,4
24.09.2021,2021,TAKVA: RABBİMİZİN RIZASINI DİRİ TUTMA BİLİNCİ,"İman, Tevhid ve Ahiret","Sabır, Tevekkül ve Manevi Olgunluk",2
01.10.2021,2021,MÜMİN CAMİYE VEFALIDIR,İbadet ve Kulluk,,1
08.10.2021,2021,SONSUZ HAYAT AHİRET,"İman, Tevhid ve Ahiret",,3
15.10.2021,2021,MÜBAREK GECE MEVLİD-İ NEBİ,Peygamberimiz ve Ashab,,0
22.10.2021,2021,"ONUN BİZE MİRASI, EŞSİZ VEFASI","Aile, Çocuk ve Nesil",Peygamberimiz ve Ashab,6
29.10.2021,2021,"YAŞLILARIMIZA VEFA, RAHMET VE MAĞFİRET VESİLEMİZDİR",İbadet ve Kulluk,"Aile, Çocuk ve Nesil; Vatan, Millet ve Tarih",4
05.11.2021,2021,İNSAN İMANLA YÜCELİR,"İman, Tevhid ve Ahiret","Sabır, Tevekkül ve Manevi Olgunluk",0
12.11.2021,2021,İBADET: ALLAH İLE KUL ARASINDAKİ KUTLU BAĞ,"İman, Tevhid ve Ahiret",İbadet ve Kulluk,2
19.11.2021,2021,ŞİDDET İNSAN ONURUYLA ASLA BAĞDAŞMAZ,"Aile, Çocuk ve Nesil","Toplumsal Dayanışma, Merhamet ve Kardeşlik; Peygamberimiz ve Ashab",3
26.11.2021,2021,MÜMİN FAYDASIZ SÖZLERDEN VE LÜZUMSUZ İŞLERDEN UZAK DURUR,"İman, Tevhid ve Ahiret","Ekonomik Hayat: Kazanç, Zekat ve İsraf",5
03.12.2021,2021,ENGELLERİ HEP BİRLİKTE VE SEVGİYLE AŞALIM,"Toplumsal Dayanışma, Merhamet ve Kardeşlik",,3
10.12.2021,2021,MÜMİN CANA YAKINDIR,"Sabır, Tevekkül ve Manevi Olgunluk","Toplumsal Dayanışma, Merhamet ve Kardeşlik",1
17.12.2021,2021,"MÜSLÜMAN, DİNÎ VE AHLAKİ DEĞERLERİYLE YAŞAR","Ahlak, Erdem ve Söz","Ekonomik Hayat: Kazanç, Zekat ve İsraf; Vatan, Millet ve Tarih",1
24.12.2021,2021,AHİRET DAHA HAYIRLI VE SÜREKLİDİR,"İman, Tevhid ve Ahiret",,5
31.12.2021,2021,"GEÇMİŞİMİZİ MUHASEBE EDELİM, GELECEĞİMİZE YÖN VERELİM","Sabır, Tevekkül ve Manevi Olgunluk","İman, Tevhid ve Ahiret; İbadet ve Kulluk",1
07.01.2022,2022,TÖVBE: GÜNAHLARDAN ARINMA İRADESİ,"İman, Tevhid ve Ahiret",,1
14.01.2022,2022,KELİME-İ ŞEHÂDET: İMANIN ÖZÜ,"İman, Tevhid ve Ahiret",Peygamberimiz ve Ashab,0
21.01.2022,2022,İSLAM: ALLAH KATINDA YEGÂNE DİN,"İman, Tevhid ve Ahiret","Sabır, Tevekkül ve Manevi Olgunluk; Kur'an-ı Kerim",0
28.01.2022,2022,ÜÇ AYLAR: RAHMET VE MAĞFİRET VESİLEMİZ,"Ramazan, Oruç ve Bayramlar","Kandiller, Muharrem ve Mübarek Geceler; İman, Tevhid ve Ahiret",2
04.02.2022,2022,SÖZ VE DAVRANIŞLARIMIZDA DOĞRU OLALIM,"Ahlak, Erdem ve Söz",,5
11.02.2022,2022,İSLAM’I TEMSİL SORUMLULUĞUMUZ,"Ahlak, Erdem ve Söz",,1
18.02.2022,2022,PEYGAMBERİMİZİN AHLAKI KUR’AN’DI,Peygamberimiz ve Ashab,"Ahlak, Erdem ve Söz; Kur'an-ı Kerim",5
25.02.2022,2022,MÜMİNİN MİRACI NAMAZ,İbadet ve Kulluk,"Kandiller, Muharrem ve Mübarek Geceler",1
04.03.2022,2022,BAĞIMLILIK: İNSAN ONURUYLA BAĞDAŞMAYAN HASTALIK,"Afet, Kriz ve Sağlık",,2
11.03.2022,2022,DÜNYA HAYATI BİR İYİLİK YOLCULUĞUDUR,"Ahlak, Erdem ve Söz","Kandiller, Muharrem ve Mübarek Geceler",2
18.03.2022,2022,ÇANAKKALE ZAFERİ: BİR MİLLETİN YENİDEN DİRİLİŞİ,"Vatan, Millet ve Tarih",,1
25.03.2022,2022,"AİLEMİZ: SEVGİ, RAHMET VE GÜVEN İKLİMİMİZ","Aile, Çocuk ve Nesil",,1
01.04.2022,2022,MERHABA YA ŞEHR-İ RAMAZAN,"Ramazan, Oruç ve Bayramlar",İbadet ve Kulluk,1
08.04.2022,2022,RAMAZAN VE DOĞRULUK,"Ahlak, Erdem ve Söz",,2
15.04.2022,2022,ZEKÂT VE İNFAK: İSLAM’IN KARDEŞLİK KÖPRÜSÜ,"Ekonomik Hayat: Kazanç, Zekat ve İsraf",,3
22.04.2022,2022,LEYLETÜ’L-KADR: İLAHİ LÜTUF VE İKRAM GECESİ,"Kandiller, Muharrem ve Mübarek Geceler","İbadet ve Kulluk; Ramazan, Oruç ve Bayramlar",2
29.04.2022,2022,HAYATI HELAL KILABİLMEK,"Ekonomik Hayat: Kazanç, Zekat ve İsraf","Ramazan, Oruç ve Bayramlar; Toplumsal Dayanışma, Merhamet ve Kardeşlik",2
02.05.2022,2022,"BAYRAMIMIZ KUTLU, GÖNLÜMÜZ İMAN VE NEŞE DOLU OLSUN","Ramazan, Oruç ve Bayramlar","İman, Tevhid ve Ahiret; Toplumsal Dayanışma, Merhamet ve Kardeşlik",2
06.05.2022,2022,ŞÜKÜR SANA EY ŞEKÛR,"İman, Tevhid ve Ahiret","Sabır, Tevekkül ve Manevi Olgunluk; İbadet ve Kulluk",1
13.05.2022,2022,İŞ VE ÇALIŞMA AHLAKI,"Ekonomik Hayat: Kazanç, Zekat ve İsraf",,2
20.05.2022,2022,DİJİTAL DÜNYADA DEĞERLERİYLE AİLE OLMAK,"Aile, Çocuk ve Nesil","Toplumsal Dayanışma, Merhamet ve Kardeşlik; Vatan, Millet ve Tarih",1
27.05.2022,2022,ALLAH’IN KİTABINA VE PEYGAMBERİNİN SÜNNETİNE BAĞLILIK,"Vatan, Millet ve Tarih",Peygamberimiz ve Ashab; Kur'an-ı Kerim,1
03.06.2022,2022,ÇEVREYE VEFA MÜMİNİN ŞİARIDIR,"Eğitim, Teknoloji, Çevre ve Toplumsal Değişim",,3
10.06.2022,2022,BİR YUVA KURALIM,"Aile, Çocuk ve Nesil",,4
17.06.2022,2022,"HAYDİ KOŞ GEL, CAMİLER SENİNLE GÜZEL","Aile, Çocuk ve Nesil",,3
24.06.2022,2022,KURBAN: TAKVAYA ULAŞMA ARZUSU,"Ramazan, Oruç ve Bayramlar",,2
01.07.2022,2022,AHİRET GÜNÜ VE HESAP VERME BİLİNCİ,"İman, Tevhid ve Ahiret",,3
08.07.2022,2022,HAC: İLÂHİ DAVET,İbadet ve Kulluk,"Ramazan, Oruç ve Bayramlar",1
09.07.2022,2022,KURBAN BAYRAMI: ALLAH’A YAKLAŞMA SEVİNCİMİZ,"Ramazan, Oruç ve Bayramlar",Peygamberimiz ve Ashab,3
15.07.2022,2022,15 TEMMUZ: BİRLİK VE BERABERLİĞİN ZAFERİ,"Vatan, Millet ve Tarih","Toplumsal Dayanışma, Merhamet ve Kardeşlik",2
22.07.2022,2022,HER CAN MUKADDESTİR,"Toplumsal Dayanışma, Merhamet ve Kardeşlik",,4
29.07.2022,2022,HİCRETİMİZ RABBİMİZE OLSUN,Peygamberimiz ve Ashab,,1
05.08.2022,2022,MUHARREM AYI VE KERBELÂ,"Kandiller, Muharrem ve Mübarek Geceler",,3
12.08.2022,2022,"İMAN, SALİH AMEL VE GÜZEL AHLAKLA KEMALE ERER","Sabır, Tevekkül ve Manevi Olgunluk","Ahlak, Erdem ve Söz",2
19.08.2022,2022,ARŞIN GÖLGESİNDE KORUNMAKLA MÜJDELENEN GENÇ,İbadet ve Kulluk,"Peygamberimiz ve Ashab; Ramazan, Oruç ve Bayramlar",1
26.08.2022,2022,ZAFERLERİMİZİN ARDINDAKİ RUH VE MANA,"Vatan, Millet ve Tarih",,0
02.09.2022,2022,ANNE BABA: CENNETİ KAZANMA VESİLESİ,"Aile, Çocuk ve Nesil","İman, Tevhid ve Ahiret; Peygamberimiz ve Ashab",3
09.09.2022,2022,İLİM BİR NURDUR,"Eğitim, Teknoloji, Çevre ve Toplumsal Değişim","İman, Tevhid ve Ahiret",4
16.09.2022,2022,"TAKVA, HAYÂ VE TESETTÜR","Ahlak, Erdem ve Söz","Vatan, Millet ve Tarih; İslam Coğrafyası ve Küresel Meseleler",2
23.09.2022,2022,HELAL KAZANÇ VE ALIN TERİ,"Ekonomik Hayat: Kazanç, Zekat ve İsraf","Ahlak, Erdem ve Söz",3
30.09.2022,2022,ONUN (S.A.S) ÇAĞRISI,İbadet ve Kulluk,"Sabır, Tevekkül ve Manevi Olgunluk; İman, Tevhid ve Ahiret",3
07.10.2022,2022,ÂLEMLERE RAHMET HZ. MUHAMMED (S.A.S),Peygamberimiz ve Ashab,,1
14.10.2022,2022,KUL VE KAMU HAKKI,"Toplumsal Dayanışma, Merhamet ve Kardeşlik",,3
21.10.2022,2022,KOMŞULUK HUKUKU,"Toplumsal Dayanışma, Merhamet ve Kardeşlik",,3
28.10.2022,2022,AİLE OLMAK: İLAHİ LÜTUF,"Aile, Çocuk ve Nesil","Toplumsal Dayanışma, Merhamet ve Kardeşlik",2
04.11.2022,2022,HAYAT REHBERİMİZ KUR’AN,"İman, Tevhid ve Ahiret",Kur'an-ı Kerim; Peygamberimiz ve Ashab,3
11.11.2022,2022,ÖNCE TEDBİR SONRA TEVEKKÜL,"Afet, Kriz ve Sağlık","Sabır, Tevekkül ve Manevi Olgunluk",3
18.11.2022,2022,İMAN VE İSTİKAMET,Peygamberimiz ve Ashab,"İman, Tevhid ve Ahiret; Sabır, Tevekkül ve Manevi Olgunluk",2
25.11.2022,2022,MERHAMET TOPLUMU,"Toplumsal Dayanışma, Merhamet ve Kardeşlik",,5
02.12.2022,2022,"ENGEL OLMA, FARKINDA OL","Toplumsal Dayanışma, Merhamet ve Kardeşlik",,5
09.12.2022,2022,HAYDİ NAMAZA! HAYDİ KURTULUŞA!,İbadet ve Kulluk,,7
16.12.2022,2022,ÇOCUK: RABBİMİZİN KIYMETLİ EMANETİ,"Aile, Çocuk ve Nesil",,2
23.12.2022,2022,BİZİ BİZ YAPAN DEĞERLERE SAHİP ÇIKALIM,"Eğitim, Teknoloji, Çevre ve Toplumsal Değişim","Ahlak, Erdem ve Söz; Ekonomik Hayat: Kazanç, Zekat ve İsraf",1
30.12.2022,2022,HAYATIN TEKRARI YOK,"İman, Tevhid ve Ahiret",,5
06.01.2023,2023,BESMELE: BEREKETE AÇILAN KAPI,İbadet ve Kulluk,"Afet, Kriz ve Sağlık",2
13.01.2023,2023,EN GÜZEL İSİMLER ALLAH’A AİTTİR,"İman, Tevhid ve Ahiret","Eğitim, Teknoloji, Çevre ve Toplumsal Değişim; İbadet ve Kulluk",2
20.01.2023,2023,ALLAH’IM! ÜÇ AYLARI BİZE BEREKETLİ KIL,"Ramazan, Oruç ve Bayramlar","İbadet ve Kulluk; Kandiller, Muharrem ve Mübarek Geceler",3
27.01.2023,2023,EN BÜYÜK MUCİZE KUR’AN-I KERİM,Kur'an-ı Kerim,,1
03.02.2023,2023,İMANIN GEREĞİ: SALİH AMEL VE GÜZEL AHLAK,"Ahlak, Erdem ve Söz","İbadet ve Kulluk; İman, Tevhid ve Ahiret",3
10.02.2023,2023,"GÜN, MİLLETÇE KENETLENME GÜNÜDÜR","Toplumsal Dayanışma, Merhamet ve Kardeşlik","Afet, Kriz ve Sağlık",2
17.02.2023,2023,MİRAÇ GECEMİZ: İLÂHÎ RAHMET VE SEKÎNET VESİLEMİZ,"Afet, Kriz ve Sağlık","Kandiller, Muharrem ve Mübarek Geceler; Toplumsal Dayanışma, Merhamet ve Kardeşlik",4
24.02.2023,2023,"KARDEŞLİK, DAYANIŞMA VE DUA VAKTİ","Toplumsal Dayanışma, Merhamet ve Kardeşlik","Afet, Kriz ve Sağlık",3
03.03.2023,2023,MÜSLÜMANLAR BİRBİRİNİN UMUDUDUR,İbadet ve Kulluk,"Ramazan, Oruç ve Bayramlar; Kandiller, Muharrem ve Mübarek Geceler",1
10.03.2023,2023,MÜMİN GÜVENEN VE GÜVENİLEN KİŞİDİR,"Toplumsal Dayanışma, Merhamet ve Kardeşlik","Peygamberimiz ve Ashab; Ahlak, Erdem ve Söz",2
17.03.2023,2023,RAMAZAN: RAHMET VE MAĞFİRET AYI,"Ramazan, Oruç ve Bayramlar","Vatan, Millet ve Tarih; Afet, Kriz ve Sağlık",0
24.03.2023,2023,RAMAZAN VE DAYANIŞMA,"Toplumsal Dayanışma, Merhamet ve Kardeşlik",,3
31.03.2023,2023,ZEKÂT: İSLAM’IN DAYANIŞMA KÖPRÜSÜ,"Ekonomik Hayat: Kazanç, Zekat ve İsraf",,3
07.04.2023,2023,İHSAN BİLİNCİ: KULLUĞUN ZİRVESİ,İbadet ve Kulluk,"Sabır, Tevekkül ve Manevi Olgunluk",3
14.04.2023,2023,KADİR GECESİ: BİR ÖMRE BEDEL GECE,"Ramazan, Oruç ve Bayramlar","Kandiller, Muharrem ve Mübarek Geceler",0
21.04.2023,2023,"RAMAZAN BAYRAMI: NEŞE, HUZUR VE KARDEŞLİK GÜNLERİ","Ramazan, Oruç ve Bayramlar",,5
21.04.2023,2023,HAYATI RAMAZAN BİLİNCİYLE YAŞAMAK,"Ramazan, Oruç ve Bayramlar",,5
28.04.2023,2023,İŞ AHLAKI: TOPLUMSAL HUZURUN KAYNAĞI,"Ahlak, Erdem ve Söz","Ekonomik Hayat: Kazanç, Zekat ve İsraf",4
05.05.2023,2023,İSRAF: TÜKETİRKEN TÜKENMEK,"Ahlak, Erdem ve Söz","Ekonomik Hayat: Kazanç, Zekat ve İsraf; Sabır, Tevekkül ve Manevi Olgunluk",4
12.05.2023,2023,"KADIN VE ERKEK: HÜRMETE LAYIK, SAYGIN VARLIK","Aile, Çocuk ve Nesil",,3
19.05.2023,2023,"GENÇLERİMİZ, MİLLİ VE MANEVİ DEĞERLERİMİZİN EMANETÇİSİDİR","Aile, Çocuk ve Nesil",,2
26.05.2023,2023,BİRLİK VE BERABERLİK RUHU,"Toplumsal Dayanışma, Merhamet ve Kardeşlik","Vatan, Millet ve Tarih",3
02.06.2023,2023,KALPLER ALLAH’I ZİKRETMEKLE HUZURA KAVUŞUR,İbadet ve Kulluk,"İman, Tevhid ve Ahiret; Sabır, Tevekkül ve Manevi Olgunluk",2
09.06.2023,2023,RABBİMİZ ÇEVRE İLE BİZLERE NE ÖĞRETİR?,"Eğitim, Teknoloji, Çevre ve Toplumsal Değişim",,1
16.06.2023,2023,İSLAM’IN İKİ ŞİÂRI: EZAN VE KURBAN,"Ramazan, Oruç ve Bayramlar",,1
23.06.2023,2023,BABA: CENNETE AÇILAN KAPI,"Aile, Çocuk ve Nesil","Toplumsal Dayanışma, Merhamet ve Kardeşlik",4
28.06.2023,2023,KURBAN BAYRAMI: KARDEŞLİK VE YARDIMLAŞMA GÜNLERİ,"Ramazan, Oruç ve Bayramlar","Toplumsal Dayanışma, Merhamet ve Kardeşlik",2
30.06.2023,2023,ÇOCUKLARIMIZIN ÜZERİMİZDE HAKKI,"Aile, Çocuk ve Nesil",Kur'an-ı Kerim,2
07.07.2023,2023,EVLİLİKLERİMİZ KOLAY OLSUN,"Aile, Çocuk ve Nesil",,3
14.07.2023,2023,"DİN SAMİMİYETTİR, İSTİSMAR İHANETTİR","Ahlak, Erdem ve Söz","Vatan, Millet ve Tarih; Kandiller, Muharrem ve Mübarek Geceler",3
21.07.2023,2023,HİCRET: İDEALLER UĞRUNA ÇIKILAN KUTLU BİR SEFER,Peygamberimiz ve Ashab,"Sabır, Tevekkül ve Manevi Olgunluk; Afet, Kriz ve Sağlık",2
28.07.2023,2023,MUHARREM AYININ ÖNEMİ VE EHL-İ BEYT-İ MUSTAFA,"Kandiller, Muharrem ve Mübarek Geceler",,3
04.08.2023,2023,CUMA: HAFTALIK BAYRAM GÜNÜMÜZ,İbadet ve Kulluk,,2
11.08.2023,2023,SILA-İ RAHİM: RAHMET VE BEREKET VESİLEMİZ,"Toplumsal Dayanışma, Merhamet ve Kardeşlik","Aile, Çocuk ve Nesil",1
18.08.2023,2023,AHİRET: EBEDİ YURDUMUZ,"İman, Tevhid ve Ahiret",,1
25.08.2023,2023,ALLAH’IN YARDIMI AZİZ MİLLETİMİZLE BERABERDİR,"Vatan, Millet ve Tarih",,1
01.09.2023,2023,SAKIN İNCİTME BİR CÂNI!,"Toplumsal Dayanışma, Merhamet ve Kardeşlik",,2
08.09.2023,2023,"İLİM YOLU, CENNET YOLUDUR","Eğitim, Teknoloji, Çevre ve Toplumsal Değişim",,6
15.09.2023,2023,AHÎLİK: DÜRÜSTLÜK VE MERHAMETİ TİCARETE HÂKİM KILMAK,"Ekonomik Hayat: Kazanç, Zekat ve İsraf",,3
22.09.2023,2023,MEVLİD-İ NEBİ,Peygamberimiz ve Ashab,"Kandiller, Muharrem ve Mübarek Geceler",0
29.09.2023,2023,"PEYGAMBERİMİZ, İMAN VE İSTİKAMET","Ahlak, Erdem ve Söz",Peygamberimiz ve Ashab,2
06.10.2023,2023,"CAMİLER  VE DİN GÖREVLİLERİ: HAYRIN ANAHTARI, ŞERRİN KİLİDİ",İbadet ve Kulluk,,1
13.10.2023,2023,ZULÜMLE ÂBÂD OLUNMAZ,İslam Coğrafyası ve Küresel Meseleler,,3
20.10.2023,2023,RAHMET VE SEKİNET MÜJDESİ: İNŞİRÂH SURESİ,İslam Coğrafyası ve Küresel Meseleler,,4
27.10.2023,2023,VATAN MİLLET SEVDASIYLA NİCE YÜZYILLARA,"Vatan, Millet ve Tarih",,3
03.11.2023,2023,ZULME RIZA GÖSTERMEK ZULÜMDÜR,İslam Coğrafyası ve Küresel Meseleler,"Toplumsal Dayanışma, Merhamet ve Kardeşlik",2
10.11.2023,2023,AZİM VE GAYRET SAHİBİ BİR MÜMİN OLABİLMEK,"Ahlak, Erdem ve Söz",,2
17.11.2023,2023,"İMAN, İBADET VE AHLAK BÜTÜNLÜĞÜ","Ahlak, Erdem ve Söz","İman, Tevhid ve Ahiret; İbadet ve Kulluk",1
24.11.2023,2023,"İSLAM, ŞEFKAT VE MERHAMETİ EMREDER","Toplumsal Dayanışma, Merhamet ve Kardeşlik","İslam Coğrafyası ve Küresel Meseleler; Aile, Çocuk ve Nesil",3
01.12.2023,2023,"İNSAN, ÖZÜ İTİBARİYLE DEĞERLİDİR","Toplumsal Dayanışma, Merhamet ve Kardeşlik",İslam Coğrafyası ve Küresel Meseleler,3
08.12.2023,2023,"BİZ, TEK BİR ÜMMETİZ","Toplumsal Dayanışma, Merhamet ve Kardeşlik",,2
15.12.2023,2023,ADALET: HER HAK SAHİBİNE HAKKINI VERMEK,"Toplumsal Dayanışma, Merhamet ve Kardeşlik","İslam Coğrafyası ve Küresel Meseleler; İman, Tevhid ve Ahiret",4
22.12.2023,2023,MÜMİNLERİN EBEDİ YURDU: CENNET,"Sabır, Tevekkül ve Manevi Olgunluk","Ahlak, Erdem ve Söz; İman, Tevhid ve Ahiret",1
29.12.2023,2023,MUHASEBE BİLİNCİYLE BİR ÖMÜR GEÇİRMEK,"İman, Tevhid ve Ahiret","Vatan, Millet ve Tarih; Ekonomik Hayat: Kazanç, Zekat ve İsraf",4
05.01.2024,2024,RAHMET VE MAĞFİRET İKLİMİ: ÜÇ AYLAR,"Kandiller, Muharrem ve Mübarek Geceler","İman, Tevhid ve Ahiret",1
12.01.2024,2024,ALLAH’IN RAHMET VE İNAYETİNE SIĞINMANIN ADI: EÛZÜ-BESMELE,İbadet ve Kulluk,"Kandiller, Muharrem ve Mübarek Geceler; Vatan, Millet ve Tarih",2
19.01.2024,2024,"BİZİ GÜÇLÜ KILAN, BİRLİK VE BERABERLİĞİMİZDİR","Vatan, Millet ve Tarih","Ahlak, Erdem ve Söz; Toplumsal Dayanışma, Merhamet ve Kardeşlik",2
26.01.2024,2024,MÜLK SÛRESİNDEN MESAJLAR,İslam Coğrafyası ve Küresel Meseleler,"Sabır, Tevekkül ve Manevi Olgunluk; İman, Tevhid ve Ahiret",1
02.02.2024,2024,"RABBİMİZ, MÜMİNLERİ YALNIZ VE YARDIMSIZ BIRAKMAZ",İslam Coğrafyası ve Küresel Meseleler,"Afet, Kriz ve Sağlık; Kandiller, Muharrem ve Mübarek Geceler",2
09.02.2024,2024,HAYATI DEĞERLİ KILAN ÖLÇÜ: İMAN,"Vatan, Millet ve Tarih","Peygamberimiz ve Ashab; İman, Tevhid ve Ahiret",1
16.02.2024,2024,DÜNYAYI BARIŞ VE İTİDALE ÇAĞIRIYORUZ,İslam Coğrafyası ve Küresel Meseleler,"Toplumsal Dayanışma, Merhamet ve Kardeşlik",0
23.02.2024,2024,BERAT GECESİ: GÜNAHLARDAN ARINMA VESİLESİ,İslam Coğrafyası ve Küresel Meseleler,"İman, Tevhid ve Ahiret; Kandiller, Muharrem ve Mübarek Geceler",3
01.03.2024,2024,ZARARLI ALIŞKANLIKLARIN ESİRİ OLMAYALIM,"Afet, Kriz ve Sağlık","Ekonomik Hayat: Kazanç, Zekat ve İsraf",3
08.03.2024,2024,RAMAZAN GELİYOR! HAZIR MIYIZ?,"Ramazan, Oruç ve Bayramlar","İslam Coğrafyası ve Küresel Meseleler; Ekonomik Hayat: Kazanç, Zekat ve İsraf",1
15.03.2024,2024,"ORUÇ, BEDENİMİZE SIHHAT, GÖNLÜMÜZE SEKİNET VERİR",İslam Coğrafyası ve Küresel Meseleler,"Ramazan, Oruç ve Bayramlar; Vatan, Millet ve Tarih",0
22.03.2024,2024,RAMAZAN VE AHİRET BİLİNCİ,"İman, Tevhid ve Ahiret",,2
29.03.2024,2024,KARDEŞLİĞİMİZ ZEKÂTLA BEREKETLENSİN,"Ekonomik Hayat: Kazanç, Zekat ve İsraf",,6
05.04.2024,2024,KADİR GECESİ: KUR’AN’LA AYDINLANAN GECE,İslam Coğrafyası ve Küresel Meseleler,"Afet, Kriz ve Sağlık; İbadet ve Kulluk",0
10.04.2024,2024,"RAMAZAN BAYRAMI: BİRLİK, BERABERLİK VE KARDEŞLİK GÜNLERİ","Aile, Çocuk ve Nesil","Ahlak, Erdem ve Söz; Ramazan, Oruç ve Bayramlar",2
12.04.2024,2024,GÖZÜMÜZÜN NURU: NAMAZ,İbadet ve Kulluk,,3
19.04.2024,2024,HAYATIN HER ALANINDA ÖFKEMİZE HÂKİM OLALIM,"Sabır, Tevekkül ve Manevi Olgunluk","Aile, Çocuk ve Nesil",3
26.04.2024,2024,HER İŞİN BİR AHLAKI VARDIR,"Ekonomik Hayat: Kazanç, Zekat ve İsraf","Ahlak, Erdem ve Söz",5
03.05.2024,2024,DUA: RABBİMİZE SIĞINMANIN SÖZLÜ İFADESİ,Peygamberimiz ve Ashab,İbadet ve Kulluk; İslam Coğrafyası ve Küresel Meseleler,7
10.05.2024,2024,"MEDENİYETİMİZ, VAKIF MEDENİYETİDİR","Ekonomik Hayat: Kazanç, Zekat ve İsraf",,2
17.05.2024,2024,AİLEMİZ: HUZUR VE GÜVEN KAYNAĞIMIZ,"Aile, Çocuk ve Nesil","Sabır, Tevekkül ve Manevi Olgunluk",4
24.05.2024,2024,İSLAM MEFKÛRESİNİ DİRİ TUTALIM,"Vatan, Millet ve Tarih",,2
31.05.2024,2024,HARAM: ALLAH İLE KUL ARASINDAKİ EN BÜYÜK ENGEL,"Ekonomik Hayat: Kazanç, Zekat ve İsraf",,2
07.06.2024,2024,KURBAN: RABBİMİZE VE KARDEŞLERİMİZE YAKINLAŞMANIN VESİLESİ,"Ramazan, Oruç ve Bayramlar",,1
14.06.2024,2024,"İNSANI İHYA, TOPLUMU İNŞA EDEN İBADET: HAC",İbadet ve Kulluk,"Ramazan, Oruç ve Bayramlar",2
16.06.2024,2024,KURBAN BAYRAMI,"Ramazan, Oruç ve Bayramlar",,1
21.06.2024,2024,YAZA KUR’AN’LA MERHABA,"Eğitim, Teknoloji, Çevre ve Toplumsal Değişim","Kur'an-ı Kerim; Aile, Çocuk ve Nesil",2
28.06.2024,2024,"İSLAM, İNANDIĞIMIZ GİBİ YAŞAMAYI BİZE EMREDER","Ekonomik Hayat: Kazanç, Zekat ve İsraf","Aile, Çocuk ve Nesil; Peygamberimiz ve Ashab",1
05.07.2024,2024,ZARÛRÂT-I HAMSEYİ MUHAFAZA EDELİM,"Toplumsal Dayanışma, Merhamet ve Kardeşlik","Kandiller, Muharrem ve Mübarek Geceler",4
12.07.2024,2024,15 TEMMUZ: MİLLETİMİZİN DESTANSI ZAFERİ,"Vatan, Millet ve Tarih",,1
19.07.2024,2024,MÜSLÜMAN TAKVA SAHİBİDİR,"Aile, Çocuk ve Nesil",,3
26.07.2024,2024,"CENNET VESİLEMİZ, AİLE BÜYÜKLERİMİZ","Aile, Çocuk ve Nesil","Sabır, Tevekkül ve Manevi Olgunluk; Toplumsal Dayanışma, Merhamet ve Kardeşlik",2
02.08.2024,2024,TEBBET SÛRESİNDEN MESAJLAR,İslam Coğrafyası ve Küresel Meseleler,,1
09.08.2024,2024,VEHEN: BİRLİK VE BERABERLİĞİMİZİN ÖNÜNDEKİ BÜYÜK ENGEL,İbadet ve Kulluk,"Ahlak, Erdem ve Söz; Eğitim, Teknoloji, Çevre ve Toplumsal Değişim",3
16.08.2024,2024,ÇEVREMİZ BİZE EMANETTİR,"Eğitim, Teknoloji, Çevre ve Toplumsal Değişim","Ekonomik Hayat: Kazanç, Zekat ve İsraf",5
23.08.2024,2024,ÂDÂB-I MUÂŞERETTE DE REHBERİMİZ ALLAH RESÛLÜ (S.A.S)’DİR,"Vatan, Millet ve Tarih","Eğitim, Teknoloji, Çevre ve Toplumsal Değişim; Ahlak, Erdem ve Söz",1
30.08.2024,2024,"BİZİ BİZ YAPAN, BİZİ MİLLET KILAN RUH","Vatan, Millet ve Tarih",,3
06.09.2024,2024,"İLİM VE EĞİTİM, AHLAKLA YÜCELİR","Eğitim, Teknoloji, Çevre ve Toplumsal Değişim",,4
13.09.2024,2024,MEVLİD-İ NEBİ,Peygamberimiz ve Ashab,,0
20.09.2024,2024,PEYGAMBERİMİZ (S.A.S) VE ŞAHSİYET İNŞASI,İbadet ve Kulluk,"Ahlak, Erdem ve Söz; İman, Tevhid ve Ahiret",3
27.09.2024,2024,ŞAHSİYETİMİZİ İMAR EDEN KUTLU MEKÂN: CAMİ,İbadet ve Kulluk,,0
04.10.2024,2024,ZULÜM ASLA PAYİDAR OLMAZ,"Toplumsal Dayanışma, Merhamet ve Kardeşlik",İslam Coğrafyası ve Küresel Meseleler,4
11.10.2024,2024,KÖTÜLÜĞE İYİLİKLE ENGEL OLALIM,"Ahlak, Erdem ve Söz",,2
18.10.2024,2024,"ALLAH’I, ÖLÜMÜ VE AHİRETİ UNUTMADAN BİR ÖMÜR SÜRELİM","İman, Tevhid ve Ahiret",,2
25.10.2024,2024,VATAN MÜDAFAASI MUKADDESTİR,"Vatan, Millet ve Tarih",,4
01.11.2024,2024,HER CANIN DOKUNULMAZLIĞI VARDIR,"Aile, Çocuk ve Nesil",İslam Coğrafyası ve Küresel Meseleler; Peygamberimiz ve Ashab,4
08.11.2024,2024,MERHAMET EDEN MERHAMET BULUR,"Toplumsal Dayanışma, Merhamet ve Kardeşlik",,5
15.11.2024,2024,ÂDÂB VE ERKÂNIYLA CUMA NAMAZI,İbadet ve Kulluk,,1
22.11.2024,2024,"İLİM İZZETE, ŞİDDET ZİLLETE GÖTÜRÜR","Aile, Çocuk ve Nesil","Eğitim, Teknoloji, Çevre ve Toplumsal Değişim",6
29.11.2024,2024,MADDİ VE MANEVİ TÜKENİŞ: KUMAR,"Ekonomik Hayat: Kazanç, Zekat ve İsraf","Aile, Çocuk ve Nesil",2
06.12.2024,2024,MİRAS: SINIRLARINI ALLAH’IN BELİRLEDİĞİ HAK,"Toplumsal Dayanışma, Merhamet ve Kardeşlik","Aile, Çocuk ve Nesil",2
13.12.2024,2024,HER ZORLUKTAN SONRA KOLAYLIK VARDIR,İslam Coğrafyası ve Küresel Meseleler,İbadet ve Kulluk; Peygamberimiz ve Ashab,3
20.12.2024,2024,MİLLİ VE MANEVİ DEĞERLERİMİZİ MUHAFAZA EDELİM,"Kandiller, Muharrem ve Mübarek Geceler","Vatan, Millet ve Tarih; Ekonomik Hayat: Kazanç, Zekat ve İsraf",2
27.12.2024,2024,"HATA YAPANLARIN EN HAYIRLISI, HATASINA TÖVBE EDENDİR","Kandiller, Muharrem ve Mübarek Geceler","İman, Tevhid ve Ahiret; Ramazan, Oruç ve Bayramlar",3
03.01.2025,2025,MÜMİNİN HAYATINDA UMUTSUZLUĞA YER YOKTUR,Peygamberimiz ve Ashab,"Sabır, Tevekkül ve Manevi Olgunluk; İslam Coğrafyası ve Küresel Meseleler",2
10.01.2025,2025,"FITRATI KORUMAK, AİLEYİ KORUMAKTIR","Aile, Çocuk ve Nesil","Eğitim, Teknoloji, Çevre ve Toplumsal Değişim; Sabır, Tevekkül ve Manevi Olgunluk",2
17.01.2025,2025,"İSLAM, VARLIK SEBEBİMİZDİR",Kur'an-ı Kerim,"Peygamberimiz ve Ashab; Sabır, Tevekkül ve Manevi Olgunluk",0
24.01.2025,2025,"MİRACIN HEDİYESİ, DİNİMİZİN DİREĞİ NAMAZ",İbadet ve Kulluk,,4
31.01.2025,2025,EBEDİYET YOLCUSUNU UĞURLARKEN,"Toplumsal Dayanışma, Merhamet ve Kardeşlik","İman, Tevhid ve Ahiret; Aile, Çocuk ve Nesil",1
07.02.2025,2025,"DİL, İNSANIN YA CENNETİ YA DA CEHENNEMİDİR","Ahlak, Erdem ve Söz",,3
14.02.2025,2025,"MAHREMİYET, İNSANI SAYGIN KILAR","Eğitim, Teknoloji, Çevre ve Toplumsal Değişim","Aile, Çocuk ve Nesil",4
21.02.2025,2025,GAYBIN BİLGİSİ YALNIZCA ALLAH’A AİTTİR,"Eğitim, Teknoloji, Çevre ve Toplumsal Değişim",,1
28.02.2025,2025,RAHMET VE MAĞFİRET MEVSİMİNE GİRERKEN,İbadet ve Kulluk,"Ramazan, Oruç ve Bayramlar; Kur'an-ı Kerim",2
07.03.2025,2025,İYİLİK AYI RAMAZAN,"Ahlak, Erdem ve Söz",,4
14.03.2025,2025,İYİLİK KÖPRÜSÜ: ZEKÂT VE FITIR SADAKASI,"Ekonomik Hayat: Kazanç, Zekat ve İsraf",,3
21.03.2025,2025,İNFAK VE KUR’AN AYI RAMAZAN,"Ramazan, Oruç ve Bayramlar","Kandiller, Muharrem ve Mübarek Geceler; Ekonomik Hayat: Kazanç, Zekat ve İsraf",2
28.03.2025,2025,RAMAZAN’A VEDA EDERKEN,"Ramazan, Oruç ve Bayramlar",İbadet ve Kulluk,3
30.03.2025,2025,RAMAZAN BAYRAMI: SEVİNÇ VE KARDEŞLİK GÜNLERİ,"Ramazan, Oruç ve Bayramlar","Toplumsal Dayanışma, Merhamet ve Kardeşlik; Ahlak, Erdem ve Söz",3
04.04.2025,2025,GÜÇLÜ BİR TOPLUMUN İNŞASINDA ANNE BABANIN ROLÜ,"Aile, Çocuk ve Nesil",,8
11.04.2025,2025,"ÜMMET OLMAK, BİRLİK OLMAKTIR","Toplumsal Dayanışma, Merhamet ve Kardeşlik",,3
18.04.2025,2025,HUCURÂT SÛRESİ: ERDEMLİ BİR TOPLUMUN İNŞASI,"Ahlak, Erdem ve Söz",,3
25.04.2025,2025,ALIN TERİ MUKADDESTİR,"Ekonomik Hayat: Kazanç, Zekat ve İsraf",,6
02.05.2025,2025,NEFSİ VE NESLİ İFSAT EDEN BÜYÜK GÜNAH: ZİNA,"Aile, Çocuk ve Nesil","Eğitim, Teknoloji, Çevre ve Toplumsal Değişim",3
09.05.2025,2025,"VAKIF: YARATAN’A HÜRMET, YARATILANA MERHAMET","Ekonomik Hayat: Kazanç, Zekat ve İsraf",,5
16.05.2025,2025,"AİLE: GÜVEN, SADAKAT VE MERHAMET YUVASI","Aile, Çocuk ve Nesil","Toplumsal Dayanışma, Merhamet ve Kardeşlik",5
23.05.2025,2025,SADAKAT VE TESLİMİYETİN NİŞANESİ: KURBAN,"Ramazan, Oruç ve Bayramlar",,1
30.05.2025,2025,YÂSÎN SÛRESİ: KUR’AN’IN KALBİ,"İman, Tevhid ve Ahiret",Kur'an-ı Kerim,7
06.06.2025,2025,KURBAN BAYRAMI: ALLAH’IN KULLARINA İHSAN VE İKRAMI,"Ramazan, Oruç ve Bayramlar","Toplumsal Dayanışma, Merhamet ve Kardeşlik",7
06.06.2025,2025,MÜSLÜMANIN BİR DURUŞU VARDIR,"Ramazan, Oruç ve Bayramlar","Toplumsal Dayanışma, Merhamet ve Kardeşlik",7
13.06.2025,2025,DÜĞÜN YAPMANIN DA BİR ÂDÂBI VARDIR,"Aile, Çocuk ve Nesil",,5
20.06.2025,2025,"HER YAZ YENİ BİR HEYECAN: CAMİ, ÇOCUK VE KUR’AN","Aile, Çocuk ve Nesil","Kur'an-ı Kerim; Eğitim, Teknoloji, Çevre ve Toplumsal Değişim",6
27.06.2025,2025,KAMU HAKKI DOKUNULMAZDIR,"Kandiller, Muharrem ve Mübarek Geceler","Toplumsal Dayanışma, Merhamet ve Kardeşlik",5
04.07.2025,2025,GEÇMİŞE İBRETLE GELECEĞE FERASETLE BAKALIM,"Kandiller, Muharrem ve Mübarek Geceler",,3
11.07.2025,2025,SAHİH DİNİ BİLGİNİN ÖNEMİ,"Vatan, Millet ve Tarih","Eğitim, Teknoloji, Çevre ve Toplumsal Değişim",3
18.07.2025,2025,SUYUMUZU İSRAF ETMEYELİM,"Ekonomik Hayat: Kazanç, Zekat ve İsraf","İbadet ve Kulluk; Afet, Kriz ve Sağlık",4
25.07.2025,2025,GAZZE: İNSANLIĞIN ONUR SINAVI,İslam Coğrafyası ve Küresel Meseleler,,3
01.08.2025,2025,"HAYÂ: ALLAH’IN EMRİ, FITRATIN GEREĞİ","Ahlak, Erdem ve Söz","Eğitim, Teknoloji, Çevre ve Toplumsal Değişim",5
08.08.2025,2025,SILA-İ RAHİMLE BEREKETLENEN TATİL,"Toplumsal Dayanışma, Merhamet ve Kardeşlik","Ekonomik Hayat: Kazanç, Zekat ve İsraf",7
15.08.2025,2025,KUL HAKKI ATEŞTEN GÖMLEKTİR,"Ahlak, Erdem ve Söz","Toplumsal Dayanışma, Merhamet ve Kardeşlik",4
22.08.2025,2025,"İBADET; RUHA SEKİNET, TOPLUMA HUZUR VERİR",İbadet ve Kulluk,"Vatan, Millet ve Tarih",4
29.08.2025,2025,ÂLEMLERE RAHMET HZ. MUHAMMED (S.A.S),Peygamberimiz ve Ashab,"Aile, Çocuk ve Nesil; Vatan, Millet ve Tarih",6
05.09.2025,2025,İLİM HAKKI BİLMEKTİR,"Eğitim, Teknoloji, Çevre ve Toplumsal Değişim",,6
12.09.2025,2025,PEYGAMBERİMİZ VE AİLE AHLAKI,"Aile, Çocuk ve Nesil",,6
19.09.2025,2025,PEYGAMBERİMİZ (S.A.S) VE TİCARET AHLAKI,"Ekonomik Hayat: Kazanç, Zekat ve İsraf",,4
26.09.2025,2025,"PEYGAMBERİMİZ (S.A.S), CAMİ VE NAMAZ",İbadet ve Kulluk,,4
03.10.2025,2025,HENDEK’TEN GAZZE’YE: ZAFER İNANANLARINDIR,"Toplumsal Dayanışma, Merhamet ve Kardeşlik",İslam Coğrafyası ve Küresel Meseleler,1
10.10.2025,2025,CENÂB-I HAKK’IN NAZARGÂHI: KALP,İbadet ve Kulluk,"İman, Tevhid ve Ahiret; Ahlak, Erdem ve Söz",2
17.10.2025,2025,MÜSLÜMANIN HAYATINA YÖN VEREN REHBER: SÜNNET-İ SENİYYE,Peygamberimiz ve Ashab,,1
24.10.2025,2025,"BİRLİKTE BEREKET, KARDEŞLİKTE RAHMET VARDIR","Vatan, Millet ve Tarih",,2
31.10.2025,2025,AİLEDE HUZURUN KAYNAĞI: MERHAMET VE MUHABBET,"Aile, Çocuk ve Nesil","Toplumsal Dayanışma, Merhamet ve Kardeşlik",4
07.11.2025,2025,VEFA İMANDANDIR,"Aile, Çocuk ve Nesil",Peygamberimiz ve Ashab,4
14.11.2025,2025,VATAN VE MİLLET RUHUMUZ,"Vatan, Millet ve Tarih",,3
21.11.2025,2025,ŞİDDETİN ÇARESİ MERHAMET EĞİTİMİ,"Toplumsal Dayanışma, Merhamet ve Kardeşlik","Aile, Çocuk ve Nesil",5
28.11.2025,2025,FEDAKÂRLIĞIN ZİRVESİ: ÎSÂR,"Toplumsal Dayanışma, Merhamet ve Kardeşlik",,4
05.12.2025,2025,"İNSAN, HUZURU İBADETLE ELDE EDER",İbadet ve Kulluk,,3
12.12.2025,2025,İNSAN: KÂİNATIN GÖZBEBEĞİ,"İman, Tevhid ve Ahiret",,2
19.12.2025,2025,HER ANIMIZI EBEDİ KAZANCA DÖNÜŞTÜREBİLİRİZ,"Sabır, Tevekkül ve Manevi Olgunluk",,2
26.12.2025,2025,KİMLİĞİMİZ GELECEĞİMİZDİR,"Vatan, Millet ve Tarih","Sabır, Tevekkül ve Manevi Olgunluk; İman, Tevhid ve Ahiret",3
