isim,kac_kez,tema,tarih,hutbe_basligi
Hz. Ömer,22,Peygamberimiz ve Ashab,01.11.2013,RAHMET’İN HİCRETİ
Hz. Ömer,22,"Ahlak, Erdem ve Söz",03.03.2017,FİRDEVS CENNETİNE MİRASÇI OLMAK
Hz. Ömer,22,"Ekonomik Hayat: Kazanç, Zekat ve İsraf",04.05.2018,KESİNTİSİZ HAYIR ÇEŞMESİ: VAKIFLAR
Hz. Ömer,22,İslam Coğrafyası ve Küresel Meseleler,08.12.2017,KAPANMAYAN YARAMIZ: KUDÜS
Hz. Ömer,22,"Toplumsal Dayanışma, Merhamet ve Kardeşlik",08.12.2023,"BİZ, TEK BİR ÜMMETİZ"
Hz. Ömer,22,"Ekonomik Hayat: Kazanç, Zekat ve İsraf",09.02.2018,"İSRAF, DİNÎ VE AHLAKÎ BİR İFLASTIR"
Hz. Ömer,22,İbadet ve Kulluk,10.02.2017,MÜMİNCE YAKARIŞIN ADI: DUA
Hz. Ömer,22,İbadet ve Kulluk,11.01.2019,"İNSANIN KEMAL YOLCULUĞU: İSLAM, İMAN VE İHSAN"
Hz. Ömer,22,Peygamberimiz ve Ashab,11.04.2014,KUTLU DOĞUM
Hz. Ömer,22,İslam Coğrafyası ve Küresel Meseleler,11.04.2025,"ÜMMET OLMAK, BİRLİK OLMAKTIR"
Hz. Ömer,22,İslam Coğrafyası ve Küresel Meseleler,13.10.2023,ZULÜMLE ÂBÂD OLUNMAZ
Hz. Ömer,22,"Ekonomik Hayat: Kazanç, Zekat ve İsraf",14.05.2021,VAKIF: ŞEFKAT VE MERHAMET MEDENİYETİ
Hz. Ömer,22,"Kandiller, Muharrem ve Mübarek Geceler",16.11.2012,MEDENİYET YOLCULUĞU: HİCRET
Hz. Ömer,22,İslam Coğrafyası ve Küresel Meseleler,21.07.2017,TÜKENMEYEN HÜZNÜMÜZ: KUDÜS VE MESCİD-İ AKSÂ
Hz. Ömer,22,Peygamberimiz ve Ashab,21.07.2023,HİCRET: İDEALLER UĞRUNA ÇIKILAN KUTLU BİR SEFER
Hz. Ömer,22,Peygamberimiz ve Ashab,21.10.2016,ALLAH’A VERDİĞİ SÖZE SADIK KİMSE: MÜMİN
Hz. Ömer,22,"Kandiller, Muharrem ve Mübarek Geceler",22.09.2017,HİCRET: KUTLU BİR YOLCULUK
Hz. Ömer,22,"Aile, Çocuk ve Nesil",25.11.2011,"EŞİMİZ, EVLADIMIZ, ANNEMİZ: KADIN"
Hz. Ömer,22,"Vatan, Millet ve Tarih",27.08.2021,ALLAH’IN YARDIM ETTİĞİNE MAĞLUBİYET YOKTUR
Hz. Ömer,22,"İman, Tevhid ve Ahiret",28.10.2016,DÎN-İ MÜBÎN-İ İSLAM
Hz. Ömer,22,İbadet ve Kulluk,30.09.2016,CAMİ VE KİTAP MEDENİYETİ
Hz. Ömer,22,"Sabır, Tevekkül ve Manevi Olgunluk",31.12.2021,"GEÇMİŞİMİZİ MUHASEBE EDELİM, GELECEĞİMİZE YÖN VERELİM"
Hz. Ali,20,Peygamberimiz ve Ashab,01.11.2013,RAHMET’İN HİCRETİ
Hz. Ali,20,"Aile, Çocuk ve Nesil",02.07.2021,DÜĞÜNLERİMİZDE NEBEVÎ ÖLÇÜYE RİAYET EDELİM
Hz. Ali,20,"Aile, Çocuk ve Nesil",03.02.2017,"AHİT, AKİT VE MİSAK OLARAK NİKÂH"
Hz. Ali,20,"Kandiller, Muharrem ve Mübarek Geceler",05.08.2022,MUHARREM AYI VE KERBELÂ
Hz. Ali,20,"Toplumsal Dayanışma, Merhamet ve Kardeşlik",06.04.2012,KARDEŞLİK ÇAĞRISI
Hz. Ali,20,"Toplumsal Dayanışma, Merhamet ve Kardeşlik",06.11.2015,HER İNSAN ALLAH’IN BİR ÂYETİDİR!
Hz. Ali,20,"Kandiller, Muharrem ve Mübarek Geceler",08.11.2013,MUHARREM AYI VE KERBELÂ
Hz. Ali,20,"Ahlak, Erdem ve Söz",11.02.2022,İSLAM’I TEMSİL SORUMLULUĞUMUZ
Hz. Ali,20,Peygamberimiz ve Ashab,11.04.2014,KUTLU DOĞUM
Hz. Ali,20,"Vatan, Millet ve Tarih",12.07.2024,15 TEMMUZ: MİLLETİMİZİN DESTANSI ZAFERİ
Hz. Ali,20,"Kandiller, Muharrem ve Mübarek Geceler",16.11.2012,MEDENİYET YOLCULUĞU: HİCRET
Hz. Ali,20,"Kandiller, Muharrem ve Mübarek Geceler",16.11.2018,MEVLİD-İ NEBİ
Hz. Ali,20,"Aile, Çocuk ve Nesil",17.10.2014,ARŞIN GÖLGESİNDEKİ GENÇLİK
Hz. Ali,20,Peygamberimiz ve Ashab,18.02.2022,PEYGAMBERİMİZİN AHLAKI KUR’AN’DI
Hz. Ali,20,"Aile, Çocuk ve Nesil",19.05.2023,"GENÇLERİMİZ, MİLLİ VE MANEVİ DEĞERLERİMİZİN EMANETÇİSİDİR"
Hz. Ali,20,"Aile, Çocuk ve Nesil",19.08.2022,ARŞIN GÖLGESİNDE KORUNMAKLA MÜJDELENEN GENÇ
Hz. Ali,20,"Aile, Çocuk ve Nesil",20.07.2018,DÜĞÜN ÂDÂBI
Hz. Ali,20,"Vatan, Millet ve Tarih",26.08.2016,HAYAT VEREN DİN: İSLÂM
Hz. Ali,20,İbadet ve Kulluk,26.09.2025,"PEYGAMBERİMİZ (S.A.S), CAMİ VE NAMAZ"
Hz. Ali,20,"Kandiller, Muharrem ve Mübarek Geceler",31.10.2014,ORTAK HÜZÜN VE İBRET AYI: MUHARREM
Hz. Hüseyin,18,"Kandiller, Muharrem ve Mübarek Geceler",02.12.2011,KERBELA’YI ANLAMAK
Hz. Hüseyin,18,"Aile, Çocuk ve Nesil",04.04.2025,GÜÇLÜ BİR TOPLUMUN İNŞASINDA ANNE BABANIN ROLÜ
Hz. Hüseyin,18,"Kandiller, Muharrem ve Mübarek Geceler",04.07.2025,GEÇMİŞE İBRETLE GELECEĞE FERASETLE BAKALIM
Hz. Hüseyin,18,"Kandiller, Muharrem ve Mübarek Geceler",05.08.2022,MUHARREM AYI VE KERBELÂ
Hz. Hüseyin,18,"Kandiller, Muharrem ve Mübarek Geceler",06.09.2019,MUHARREM AYI VE ÂŞÛRÂ GÜNÜ
Hz. Hüseyin,18,"Kandiller, Muharrem ve Mübarek Geceler",07.10.2016,YÜREKLERİMİZİ SAHRÂ-I KERBELÂ’YA DÖNÜŞTÜRMEYELİM
Hz. Hüseyin,18,"Kandiller, Muharrem ve Mübarek Geceler",08.11.2013,MUHARREM AYI VE KERBELÂ
Hz. Hüseyin,18,"Vatan, Millet ve Tarih",12.07.2024,15 TEMMUZ: MİLLETİMİZİN DESTANSI ZAFERİ
Hz. Hüseyin,18,"Kandiller, Muharrem ve Mübarek Geceler",13.08.2021,KERBELÂ’YI İBRET NAZARIYLA OKUYALIM
Hz. Hüseyin,18,"Kandiller, Muharrem ve Mübarek Geceler",14.09.2018,MUHARREM AYI VE ÂŞÛRÂ GÜNÜ
Hz. Hüseyin,18,"Kandiller, Muharrem ve Mübarek Geceler",16.10.2015,MERHAMET İKSİRİNİ YUDUMLAYABİLMEK
Hz. Hüseyin,18,"Kandiller, Muharrem ve Mübarek Geceler",19.06.2026,BİRLİKTE RAHMET VARDIR
Hz. Hüseyin,18,"Kandiller, Muharrem ve Mübarek Geceler",23.10.2015,KERBELÂ’YI DOĞRU ANLAMAK
Hz. Hüseyin,18,"Kandiller, Muharrem ve Mübarek Geceler",28.07.2023,MUHARREM AYININ ÖNEMİ VE EHL-İ BEYT-İ MUSTAFA
Hz. Hüseyin,18,"Vatan, Millet ve Tarih",28.08.2020,ALLAH’IN DİNİNİ YÜCELTME GAYRETİ
Hz. Hüseyin,18,İbadet ve Kulluk,29.09.2017,"CAMİ, ŞEHİR VE MEDENİYET"
Hz. Hüseyin,18,İbadet ve Kulluk,30.09.2016,CAMİ VE KİTAP MEDENİYETİ
Hz. Hüseyin,18,"Kandiller, Muharrem ve Mübarek Geceler",31.10.2014,ORTAK HÜZÜN VE İBRET AYI: MUHARREM
Hz. Hatice,14,"Ekonomik Hayat: Kazanç, Zekat ve İsraf",02.03.2018,İSLAM’DA TİCARET AHLAKI
Hz. Hatice,14,"Aile, Çocuk ve Nesil",05.01.2018,DÜNYADAKİ CENNETİMİZ: AİLE
Hz. Hatice,14,"Aile, Çocuk ve Nesil",05.02.2021,GENÇLERİMİZ: EN BÜYÜK İMKÂN VE ZENGİNLİĞİMİZ
Hz. Hatice,14,İbadet ve Kulluk,06.03.2020,"ALLAH TEMİZDİR, TEMİZLİĞİ SEVER"
Hz. Hatice,14,"Ahlak, Erdem ve Söz",06.04.2018,İYİLİK: PAYLAŞILDIKÇA ARTAN DEĞER
Hz. Hatice,14,"Toplumsal Dayanışma, Merhamet ve Kardeşlik",09.03.2018,"İSLAM'DA KADIN: ADALET, MERHAMET VE HAKKANİYET"
Hz. Hatice,14,Peygamberimiz ve Ashab,11.04.2014,KUTLU DOĞUM
Hz. Hatice,14,"Aile, Çocuk ve Nesil",12.09.2025,PEYGAMBERİMİZ VE AİLE AHLAKI
Hz. Hatice,14,"Kandiller, Muharrem ve Mübarek Geceler",13.04.2018,MİRAÇ KANDİLİ: KULUN ALLAH'A YAKIN OLMA ÇABASI
Hz. Hatice,14,"Aile, Çocuk ve Nesil",13.05.2016,HUZUR VE MUHABBET OCAĞI: AİLEMİZ
Hz. Hatice,14,"Aile, Çocuk ve Nesil",15.11.2019,PEYGAMBERİMİZ VE AİLE
Hz. Hatice,14,Peygamberimiz ve Ashab,22.10.2021,"ONUN BİZE MİRASI, EŞSİZ VEFASI"
Hz. Hatice,14,"Kandiller, Muharrem ve Mübarek Geceler",29.03.2019,MİRAÇ GECESİ
Hz. Hatice,14,"Vatan, Millet ve Tarih",29.07.2016,"EN BÜYÜK BOZGUNCULUK, DİNİN MUAZZEZ DEĞERLERİNİ İSTİSMAR ETMEKTİR."
Muaz bin Cebel,10,"Toplumsal Dayanışma, Merhamet ve Kardeşlik",01.12.2023,"İNSAN, ÖZÜ İTİBARİYLE DEĞERLİDİR"
Muaz bin Cebel,10,"Toplumsal Dayanışma, Merhamet ve Kardeşlik",02.12.2022,"ENGEL OLMA, FARKINDA OL"
Muaz bin Cebel,10,"Ahlak, Erdem ve Söz",07.02.2025,"DİL, İNSANIN YA CENNETİ YA DA CEHENNEMİDİR"
Muaz bin Cebel,10,İbadet ve Kulluk,12.11.2021,İBADET: ALLAH İLE KUL ARASINDAKİ KUTLU BAĞ
Muaz bin Cebel,10,"İman, Tevhid ve Ahiret",14.01.2022,KELİME-İ ŞEHÂDET: İMANIN ÖZÜ
Muaz bin Cebel,10,İbadet ve Kulluk,16.09.2016,EBEDİ BAYRAMLARA BİRLİKTE YOL ALABİLMEK
Muaz bin Cebel,10,"Ahlak, Erdem ve Söz",20.12.2019,TAKVA: EN HAYIRLI AZIĞIMIZ
Muaz bin Cebel,10,İbadet ve Kulluk,23.03.2018,İBADET HAYATIMIZ VE GÖNÜL DÜNYAMIZ
Muaz bin Cebel,10,"Ekonomik Hayat: Kazanç, Zekat ve İsraf",24.06.2016,ARINMA VESİLESİ: ZEKÂT VE İNFAK
Muaz bin Cebel,10,"İman, Tevhid ve Ahiret",27.07.2018,İMAN-AMEL İLİŞKİSİ
Hz. Aişe,6,"Ekonomik Hayat: Kazanç, Zekat ve İsraf",02.03.2018,İSLAM’DA TİCARET AHLAKI
Hz. Aişe,6,"Aile, Çocuk ve Nesil",03.07.2015,CENNET KAPILARININ ANAHTARI: YETİMLER
Hz. Aişe,6,"Toplumsal Dayanışma, Merhamet ve Kardeşlik",09.03.2018,"İSLAM'DA KADIN: ADALET, MERHAMET VE HAKKANİYET"
Hz. Aişe,6,"Kandiller, Muharrem ve Mübarek Geceler",10.07.2015,"KADİR GECESİ, KADİR BİLENLER İÇİNDİR"
Hz. Aişe,6,"Sabır, Tevekkül ve Manevi Olgunluk",27.10.2017,ŞÜKREDEN BİR KUL OLABİLMEK
Hz. Aişe,6,"Aile, Çocuk ve Nesil",29.03.2013,SOKAĞIN YETİMLERİ: ÇOCUKLARIMIZ
Hz. Fatıma,6,"Kandiller, Muharrem ve Mübarek Geceler",02.12.2011,KERBELA’YI ANLAMAK
Hz. Fatıma,6,"Kandiller, Muharrem ve Mübarek Geceler",08.11.2013,MUHARREM AYI VE KERBELÂ
Hz. Fatıma,6,İbadet ve Kulluk,13.12.2019,NAMAZ: RABBİMİZE YAKIN OLMA ÇABAMIZ
Hz. Fatıma,6,"Kandiller, Muharrem ve Mübarek Geceler",14.09.2018,MUHARREM AYI VE ÂŞÛRÂ GÜNÜ
Hz. Fatıma,6,"Aile, Çocuk ve Nesil",15.11.2019,PEYGAMBERİMİZ VE AİLE
Hz. Fatıma,6,"Kandiller, Muharrem ve Mübarek Geceler",31.10.2014,ORTAK HÜZÜN VE İBRET AYI: MUHARREM
Ebu Zer el-Gıffari,5,"Toplumsal Dayanışma, Merhamet ve Kardeşlik",01.09.2023,SAKIN İNCİTME BİR CÂNI!
Ebu Zer el-Gıffari,5,"Toplumsal Dayanışma, Merhamet ve Kardeşlik",05.06.2015,"İSLÂM, IRKÇILIĞIN HER TÜRLÜSÜNÜ REDDEDER"
Ebu Zer el-Gıffari,5,"Aile, Çocuk ve Nesil",08.05.2015,CANA CAN OLMAK: AİLE
Ebu Zer el-Gıffari,5,Peygamberimiz ve Ashab,12.04.2013,PEYGAMBERİMİZ VE İNSAN ONURU
Ebu Zer el-Gıffari,5,"Toplumsal Dayanışma, Merhamet ve Kardeşlik",26.06.2015,TEVHİD İLE GELEN VAHDET
Hz. Ebu Bekir,5,Peygamberimiz ve Ashab,01.11.2013,RAHMET’İN HİCRETİ
Hz. Ebu Bekir,5,"Ahlak, Erdem ve Söz",04.04.2014,DOĞRULUK VE SADAKA
Hz. Ebu Bekir,5,"İman, Tevhid ve Ahiret",05.08.2016,KULLUK SADECE ALLAH’A ÖZGÜDÜR
Hz. Ebu Bekir,5,"İman, Tevhid ve Ahiret",06.07.2018,ALLAH’IN RIZASINA ULAŞTIRAN SALİH AMELLER
Hz. Ebu Bekir,5,"Toplumsal Dayanışma, Merhamet ve Kardeşlik",14.08.2015,İMANIN TEZAHÜRÜ: FEDAKÂRLIK VE İSÂR
Enes bin Malik,3,"İman, Tevhid ve Ahiret",21.02.2014,KALB-İ SELİM (III)
Enes bin Malik,3,"Aile, Çocuk ve Nesil",24.01.2020,SORUMLULUK SAHİBİ BİR BABA OLABİLMEK
Enes bin Malik,3,"Toplumsal Dayanışma, Merhamet ve Kardeşlik",25.11.2022,MERHAMET TOPLUMU
Selman-ı Farisi,3,"Toplumsal Dayanışma, Merhamet ve Kardeşlik",08.12.2023,"BİZ, TEK BİR ÜMMETİZ"
Selman-ı Farisi,3,İslam Coğrafyası ve Küresel Meseleler,11.04.2025,"ÜMMET OLMAK, BİRLİK OLMAKTIR"
Selman-ı Farisi,3,"Toplumsal Dayanışma, Merhamet ve Kardeşlik",12.10.2018,"CENÂB-I HAK, HER HAK SAHİBİNE HAKKINI VERMİŞTİR"
Ümmü Seleme,3,"İman, Tevhid ve Ahiret",21.02.2014,KALB-İ SELİM (III)
Ümmü Seleme,3,"İman, Tevhid ve Ahiret",21.02.2014,KALB-İ SELİM (III)
Ümmü Seleme,3,"İman, Tevhid ve Ahiret",21.02.2014,KALB-İ SELİM (III)
Abdullah b. Abbas,2,"İman, Tevhid ve Ahiret",06.12.2019,BATIL İNANÇ VE HURAFELER
Abdullah b. Abbas,2,"Aile, Çocuk ve Nesil",20.04.2018,YARINLARIMIZIN ÜMİDİ ÇOCUKLARIMIZ
Bilal-i Habeşi,2,"Toplumsal Dayanışma, Merhamet ve Kardeşlik",01.09.2023,SAKIN İNCİTME BİR CÂNI!
Bilal-i Habeşi,2,"Toplumsal Dayanışma, Merhamet ve Kardeşlik",26.06.2015,TEVHİD İLE GELEN VAHDET
Hz. Hamza,2,Peygamberimiz ve Ashab,11.04.2014,KUTLU DOĞUM
Hz. Hamza,2,"Toplumsal Dayanışma, Merhamet ve Kardeşlik",14.08.2015,İMANIN TEZAHÜRÜ: FEDAKÂRLIK VE İSÂR
Hz. Hasan,2,"Aile, Çocuk ve Nesil",04.04.2025,GÜÇLÜ BİR TOPLUMUN İNŞASINDA ANNE BABANIN ROLÜ
Hz. Hasan,2,"Toplumsal Dayanışma, Merhamet ve Kardeşlik",08.11.2024,MERHAMET EDEN MERHAMET BULUR
Hz. Osman,2,Peygamberimiz ve Ashab,01.11.2013,RAHMET’İN HİCRETİ
Hz. Osman,2,"Ekonomik Hayat: Kazanç, Zekat ve İsraf",09.05.2025,"VAKIF: YARATAN’A HÜRMET, YARATILANA MERHAMET"
Abdullah bin Mesud,1,Kur'an-ı Kerim,25.06.2021,KUR’AN’IN MANEVÎ İKLİMİYLE BULUŞALIM
Hz. Zeynep,1,"Toplumsal Dayanışma, Merhamet ve Kardeşlik",21.12.2018,VARLIĞIN İLAHİ MAYASI MERHAMET
Nevvâs,1,"Ramazan, Oruç ve Bayramlar",07.03.2025,İYİLİK AYI RAMAZAN
