satir,durum,skor,eski_sure,eski_ayet_no,yeni_sure,yeni_ayet_no,dipnot_no,dipnot_ref,csv_tarih,hutbe,metin_kaynagi,esleme,alinti
2,dogru,1.0,Hicr,99,Hicr,99,4,"Hicr, 15/99.",15.07.2016,15.07.2016 HAYATIMIZI İBADET KILABİLMEK,metinler,baslik_eslesti,Sana ölüm gelinceye kadar Rabbine ibadet et.
3,dogru,1.0,Hicr,99,Hicr,99,1,"Hicr, 15/99.",08.02.2019,08.02.2019 İBADET: KUL OLMA ŞUURU,metinler,baslik_eslesti,Sana ölüm gelinceye kadar Rabbine ibadet et.
4,dogru,1.0,Hicr,99,Hicr,99,2,"Hicr, 15/99.",04.06.2019,04.06.2019 RAMAZAN BAYRAMI,metinler,baslik_eslesti,Sana ölüm gelinceye kadar Rabbine kulluk et.
5,dogru,1.0,Hicr,99,Hicr,99,1,"Hicr, 15/99.",22.05.2020,22.05.2020 BİR ÖMRÜ RAMAZAN GİBİ YAŞAMAK,metinler,baslik_eslesti,Sana ölüm gelinceye kadar Rabbine ibadet et.
6,dogru,1.0,Hicr,99,Hicr,99,2,"Hicr, 15/99.",02.05.2022,"02.05.2022 BAYRAMIMIZ KUTLU, GÖNLÜMÜZ İMAN VE NEŞE ",metinler,baslik_eslesti,Sana ölüm gelinceye kadar Rabbine kulluk et.
7,dogru,1.0,Hicr,99,Hicr,99,3,"Hicr, 15/99.",12.08.2022,"12.08.2022 İMAN, SALİH AMEL VE GÜZEL AHLAKLA KEMALE",metinler,baslik_eslesti,Ölüm sana gelinceye kadar Rabbine kulluk et.
8,dogru,1.0,Hicr,99,Hicr,99,3,"Hicr, 15/99.",05.01.2024,05.01.2024 RAHMET VE MAĞFİRET İKLİMİ: ÜÇ AYLAR,metinler,baslik_eslesti,Ölüm sana gelinceye kadar Rabbine ibadet et.
9,dogru,1.0,Hicr,99,Hicr,99,1,"Hicr, 15/99.",20.09.2024,20.09.2024 PEYGAMBERİMİZ (S.A.S) VE ŞAHSİYET İNŞASI,metinler,baslik_eslesti,Ölüm sana gelinceye kadar Rabbine ibadet et.
10,dogru,1.0,Hicr,99,Hicr,99,3,"Hicr, 15/99.",27.12.2024,"27.12.2024 HATA YAPANLARIN EN HAYIRLISI, HATASINA T",metinler,baslik_eslesti,Ölüm sana gelinceye kadar Rabbine ibadet et.
11,dogru,1.0,Hicr,99,Hicr,99,1,"Hicr, 15/99.",28.03.2025,28.03.2025 RAMAZAN’A VEDA EDERKEN,metinler,baslik_eslesti,Ölüm sana ulaşıncaya kadar Rabbine ibadet et.
12,dogru,1.0,Hicr,99,Hicr,99,1,"Hicr, 15/99.",22.08.2025,"22.08.2025 İBADET; RUHA SEKİNET, TOPLUMA HUZUR VERİ",metinler,baslik_eslesti,Ölüm sana gelinceye kadar Rabbine ibadet et.
13,dogru,1.0,Alak,1,Alak,1,1,"Alak, 96/1-5.",02.10.2015,02.10.2015 YARATAN RABBİNİN ADIYLA OKU!,metinler,baslik_eslesti,"Yaratan Rabbinin adıyla oku. O, insanı ana rahmine tutunan, döllenmiş bir yumurtadan yarattı. Oku! Kalemle yazmayı öğreten, insana bilmediğini bildiren Rabbin sonsuz kerem sahibidir."
14,dogru,1.0,Alak,1,Alak,1,1,"Alak, 96/1-5.",23.03.2018,30.03.2018 VAHYİN İNSANLIĞA İLK MESAJI: OKU!,metinler,baslik_eslesti+tarih_duzeltildi,"Yaratan Rabbinin adıyla oku! O, insanı ana rahmine tutunan bir yumurtadan yarattı. Oku! Kalemle yazmayı öğreten, insana bilmediğini bildiren Rabbin sonsuz kerem sahibidir."
15,dogru,1.0,Alak,1,Alak,1,1,"Alak, 96/1-5.",18.01.2019,18.01.2019 MÜSLÜMANLAR İLİM VE MEDENİYETİN ÖNCÜLERİ,metinler,baslik_eslesti,"Yaratan Rabbinin adıyla oku! O, insanı alaktan yaratmıştır. Oku! Kalemle yazmayı öğreten, böylece insana bilmediğini bildiren Rabbin sonsuz kerem sahibidir."
16,dogru,1.0,Alak,1,Alak,1,4,"Alak,96/1.",15.05.2020,15.05.2020 KUR’AN’LA YAŞAMAK,metinler,baslik_eslesti,Yaratan rabbinin adıyla oku!
17,dogru,1.0,Alak,1,Alak,1,1,"Alak, 96/1-5.",25.09.2020,25.09.2020 CAMİ VE İLİM,metinler,baslik_eslesti,"Yaratan Rabbinin adıyla oku! O, insanı alaktan yaratmıştır. Oku! Kalemle yazmayı öğreten, böylece insana bilmediğini bildiren Rabbin sonsuz kerem sahibidir."
18,dogru,1.0,Alak,1,Alak,1,2,"Alak, 96/1.",09.09.2022,09.09.2022 İLİM BİR NURDUR,metinler,baslik_eslesti,Yaratan Rabbinin adıyla oku!
19,dogru,1.0,Alak,1,Alak,1,4,"Alak, 96/1.",06.01.2023,06.01.2023 BESMELE: BEREKETE AÇILAN KAPI,metinler,baslik_eslesti,Yaratan Rabbinin adıyla oku
20,dogru,1.0,Alak,1,Alak,1,3,"Alak, 96/1.",06.09.2024,"06.09.2024 İLİM VE EĞİTİM, AHLAKLA YÜCELİR",metinler,baslik_eslesti,Yaratan Rabbinin adıyla oku!
21,dogru,1.0,Alak,1,Alak,1,1,"Alak, 96/1.",05.09.2025,05.09.2025 İLİM HAKKI BİLMEKTİR,metinler,baslik_eslesti,Yaratan Rabbinin adıyla oku!
22,dogru,1.0,Zümer,9,Zümer,9,3,"Zümer, 39/9.",02.10.2015,02.10.2015 YARATAN RABBİNİN ADIYLA OKU!,metinler,baslik_eslesti,Hiç bilenlerle bilmeyenler bir olur mu?
23,dogru,1.0,Zümer,9,Zümer,9,2,"Zümer, 39/9.",15.09.2017,15.09.2017 BİLENLERLE BİLMEYENLER BİR OLUR MU?,metinler,baslik_eslesti,Bilenlerle bilmeyenler hiç bir olur mu?
24,HATALI,1.0,Zümer,9,Fatiha,5,3,"Fâtiha, 1/5.",23.03.2018,23.03.2018 İBADET HAYATIMIZ VE GÖNÜL DÜNYAMIZ,metinler,baslik_eslesti,Ancak sana ibadet eder ve ancak senden yardım dileriz
25,dogru,1.0,Zümer,9,Zümer,9,3,"Zümer, 39/9.",23.03.2018,30.03.2018 VAHYİN İNSANLIĞA İLK MESAJI: OKU!,metinler,baslik_eslesti+tarih_duzeltildi,Hiç bilenlerle bilmeyenler bir olur mu?
26,dogru,1.0,Zümer,9,Zümer,9,4,"Zümer, 39/9.",18.01.2019,18.01.2019 MÜSLÜMANLAR İLİM VE MEDENİYETİN ÖNCÜLERİ,metinler,baslik_eslesti,Bilenle bilmeyenin bir olmayacağını
27,dogru,1.0,Zümer,9,Zümer,9,3,"Zümer, 39/9.",09.09.2022,09.09.2022 İLİM BİR NURDUR,metinler,baslik_eslesti,De ki: Hiç bilenlerle bilmeyenler bir olur mu?
28,dogru,1.0,Zümer,9,Zümer,9,3,"Zümer, 39/9.",08.09.2023,"08.09.2023 İLİM YOLU, CENNET YOLUDUR",metinler,baslik_eslesti,De ki: Hiç bilenlerle bilmeyenler bir olur mu?
29,dogru,1.0,Bakara,187,Bakara,187,7,"Bakara, 2/187.",07.06.2019,"07.06.2019 AİLE OLMAK, AİLE KALMAK",metinler,baslik_eslesti,"Onlar sizin için birer elbise, siz de onlar için birer elbisesiniz."
30,dogru,1.0,Bakara,187,Bakara,187,3,"Bakara, 2/187.",10.06.2022,10.06.2022 BİR YUVA KURALIM,metinler,baslik_eslesti,"Onlar sizin için birer elbise, sizde onlar için birer elbisesiniz"
31,dogru,1.0,Bakara,187,Bakara,187,1,"Bakara, 2/187.",28.10.2022,28.10.2022 AİLE OLMAK: İLAHİ LÜTUF,metinler,baslik_eslesti,"Eşleriniz sizin için bir elbisedir, siz de eşleriniz için birer elbisesiniz"
32,dogru,1.0,Bakara,187,Bakara,187,5,"Bakara, 2/187.",07.07.2023,07.07.2023 EVLİLİKLERİMİZ KOLAY OLSUN,metinler,baslik_eslesti,"Eşleriniz, elbisenin bedeni koruduğu gibi sizi haramdan koruyan bir örtüdür; siz de aynı şekilde eşleriniz için bir örtüsünüz."
33,dogru,1.0,Bakara,187,Bakara,187,1,"Bakara, 2/187.",17.05.2024,17.05.2024 AİLEMİZ: HUZUR VE GÜVEN KAYNAĞIMIZ,metinler,baslik_eslesti,"Eşleriniz sizin için bir elbisedir, siz de eşleriniz için birer elbisesiniz."
34,dogru,1.0,Bakara,187,Bakara,187,1,"Bakara, 2/187.",14.02.2025,"14.02.2025 MAHREMİYET, İNSANI SAYGIN KILAR",metinler,baslik_eslesti,"Eşleriniz, elbisenin bedeni koruduğu gibi sizleri haramdan koruyan bir örtüdür; sizler de aynı şekilde eşleriniz için bir örtüsünüz."
35,dogru,1.0,Bakara,286,Bakara,286,2,"Bakara, 2/286.",23.05.2014,23.05.2014 MİRAÇ KANDİLİ,metinler,baslik_eslesti,"Ey Rabbimiz! Unutur veya yanılırsak bizi sorumlu tutma. Ey Rabbimiz! Bize, bizden öncekilere yüklediğin gibi ağır yük yükleme. Ey Rabbimiz! Bize gücümüzün yetmediği şeyleri yükleme. Bizi affet, bizi bağışla ve bize acı. Sen bizim Mevlâmızsın. Kâfirler topluluğuna karşı bize yardım et."
36,dogru,1.0,Bakara,286,Bakara,286,5,"Bakara, 2/286.",06.10.2017,"06.10.2017 ALLAH’I UNUTANLAR, UNUTULURLAR",metinler,baslik_eslesti,Rabbimiz! Unutur ve hata edersek bizi sorumlu tutma!
37,dogru,1.0,Bakara,286,Bakara,286,7,"Bakara, 2/286.",06.04.2018,13.04.2018 MİRAÇ KANDİLİ: KULUN ALLAH'A YAKIN OLMA ,metinler,baslik_eslesti+tarih_duzeltildi,"Ey Rabbimiz! Unutur veya yanılırsak bizi sorumlu tutma. Ey Rabbimiz! Bize, bizden öncekilere yüklediğin gibi ağır yük yükleme. Ey Rabbimiz! Bize gücümüzün yetmediği şeyleri yükleme. Bizi affet, bizi bağışla ve bize acı. Sen bizim Mevlâmızsın. Kâfirler topluluğuna karşı bize yardım et."
38,dogru,1.0,Bakara,286,Bakara,286,7,"Bakara, 2/286.",10.04.2020,"10.04.2020 İNSAN, SORUMLULUK SAHİBİDİR",metinler,baslik_eslesti,"Ey Rabbimiz! Unutur, ya da yanılırsak bizi sorumlu tutma! Ey Rabbimiz! Bize, bizden öncekilere yüklediğin gibi ağır yük yükleme. Ey Rabbimiz! Bize gücümüzün yetmediği şeyleri yükleme!"
39,dogru,1.0,Bakara,286,Bakara,286,4,"Bakara, 2/286.",02.02.2024,"02.02.2024 RABBİMİZ, MÜMİNLERİ YALNIZ VE YARDIMSIZ ",metinler,baslik_eslesti,"Ey Rabbimiz! Unutur, ya da yanılırsak bizi sorumlu tutma! Ey Rabbimiz! Bizden öncekilere yüklediğin gibi bize ağır yük yükleme. Ey Rabbimiz! Bize gücümüzün yetmediği şeyleri yükleme! Bizi affet, bizi bağışla ve bize rahmet et! Sen bizim Mevlâmızsın, kâfirler topluluğuna karşı bize yardım et!"
40,dogru,1.0,Bakara,286,Bakara,286,9,"Bakara, 2/286.",03.05.2024,03.05.2024 DUA: RABBİMİZE SIĞINMANIN SÖZLÜ İFADESİ,metinler,baslik_eslesti,Rabbimiz! Bizi bağışla! Bize merhamet et! Rahmetinle muamele eyle! Sen bizim sahibimiz ve yardımcımızsın; kâfirlere karşı bize yardım et!
41,dogru,1.0,Bakara,183,Bakara,183,3,"Bakara, 2/183.",20.07.2012,20.07.2012 “BEN ORUÇLUYUM” DİYEBİLMEK,metinler,baslik_eslesti,"Ey iman edenler! Kötülüklerden sakınmanız için oruç, sizden öncekilere farz kılındığı gibi, size de farz kılındı."
42,dogru,1.0,Bakara,183,Bakara,183,1,"Bakara, 2/183.",05.07.2013,05.07.2013 RAMAZAN VE ORUÇ,metinler,baslik_eslesti,"Ey iman edenler! Allah'a karşı gelmekten sakınmanız için oruç, sizden öncekilere farz kılındığı gibi, size de farz kılındı."
43,dogru,1.0,Bakara,183,Bakara,183,4,"Bakara, 2/183.",25.05.2018,25.05.2018 ORUÇ VE KUR’ÂN AYI RAMAZAN,metinler,baslik_eslesti,"Ey iman edenler! Kötülüklerden sakınmanız için oruç, sizden öncekilere farz kılındığı gibi, size de farz kılındı."
44,tur_hatasi,1.0,Bakara,183,Ahmed b. Hanbel,,3,"İbn Hanbel, II, 400.",17.04.2020,17.04.2020 AİLE: HUZUR VE GÜVEN KAYNAĞI,metinler,baslik_eslesti,Mümin cana yakındır. İnsanlarla yakınlık kurmayan ve kendisiyle yakınlık kurulamayan kimsede hayır yoktur.
45,dogru,1.0,Bakara,183,Bakara,183,3,"Bakara, 2/183.",17.04.2020,24.04.2020 RAMAZAN: SABIR VE İRADE EĞİTİMİ,metinler,baslik_eslesti+tarih_duzeltildi,Ey iman edenler! Sizden öncekilere farz kılındığı gibi size de oruç farz kılındı. Umulur ki takva sahibi olursunuz.
46,dogru,1.0,Bakara,195,Bakara,195,3,"Bakara, 2/195.",08.05.2020,"08.05.2020 RAMAZAN: İNFAK, YARDIMLAŞMA VE PAYLAŞMA ",metinler,baslik_eslesti,"Allah yolunda infak edin. Kendi ellerinizle kendinizi tehlikeye atmayın. İyilik edin, kuşkusuz Allah iyilik edenleri sever."
47,dogru,1.0,Bakara,195,Bakara,195,1,"Bakara, 2/195.",04.06.2021,04.06.2021 İSLAM ZARARLI ALIŞKANLIKLARI YASAKLAR,metinler,baslik_eslesti,Kendi ellerinizle kendinizi tehlikeye atmayın.
48,dogru,1.0,Bakara,195,Bakara,195,2,"Bakara, 2/195.",30.07.2021,30.07.2021 AFETLERE KARŞI SORUMLULUĞUMUZUN İDRAKİND,metinler,baslik_eslesti,Kendi kendinizi tehlikeye atmayın.
49,dogru,1.0,Bakara,195,Bakara,195,1,"Bakara, 2/195.",20.08.2021,20.08.2021 MÜSLÜMAN İŞİNİ SAĞLAM VE GÜZEL YAPAR,metinler,baslik_eslesti,Yaptığınız işi güzel yapın; Allah işini güzel yapanları sever.
50,dogru,1.0,Bakara,195,Bakara,195,3,"Bakara, 2/195.",01.03.2024,01.03.2024 ZARARLI ALIŞKANLIKLARIN ESİRİ OLMAYALIM,metinler,baslik_eslesti,Kendi ellerinizle kendinizi tehlikeye atmayın.
51,dogru,1.0,Nahl,97,Nahl,97,1,"Nahl, 16/97.",08.08.2014,"08.08.2014 SADIK İMAN, SAMİMİ NİYET, SALİH AMEL",metinler,baslik_eslesti,"Erkek veya kadın, kim mü'min olarak salih amel işlerse, elbette ona çok güzel bir hayat yaşatacağız ve onların mükafatlarını yapmakta olduklarının en güzeli ile vereceğiz."
52,dogru,1.0,Nahl,97,Nahl,97,4,"Nahl, 16/97.",27.07.2018,27.07.2018 İMAN-AMEL İLİŞKİSİ,metinler,baslik_eslesti,"Erkek ya da kadın, kim mümin olarak salih amel işlerse, elbette ona hoş bir hayat yaşatacağız ve onların mükafatlarını yapmakta olduklarının en güzeliyle vereceğiz."
53,dogru,1.0,Nahl,97,Nahl,97,2,"Nahl, 16/97.",12.04.2019,12.04.2019 İMANIN HAYATIMIZDAKİ YANSIMALARI,metinler,baslik_eslesti,"Erkek ya da kadın, kim mümin olarak salih amel işlerse, elbette ona hoş bir hayat yaşatacağız ve onların mükâfatlarını yaptıklarına karşılık olarak en güzeliyle vereceğiz."
54,dogru,1.0,Nahl,97,Nahl,97,3,"Nahl, 16/97.",12.11.2021,12.11.2021 İBADET: ALLAH İLE KUL ARASINDAKİ KUTLU B,metinler,baslik_eslesti,"Erkek veya kadın, mümin olarak kim iyi amel işlerse, onu mutlaka güzel bir hayat ile yaşatırız. Ve mükâfatlarını, elbette yapmakta olduklarının en güzeli ile veririz."
55,dogru,1.0,Nahl,97,Nahl,97,2,"Nahl, 16/97.",17.11.2023,"17.11.2023 İMAN, İBADET VE AHLAK BÜTÜNLÜĞÜ",metinler,baslik_eslesti,"Erkek ya da kadın, kim mümin olarak salih amel işlerse, elbette ona huzurlu bir hayat yaşatacağız ve onların mükâfatlarını yaptıklarına karşılık olarak en güzeliyle vereceğiz."
56,dogru,1.0,Necm,39,Necm,39,1,"Necm, 53/39-41.",26.09.2014,26.09.2014 İŞ VE TİCARET AHLAKI-ÂHİLİK,metinler,baslik_eslesti,İnsan için ancak çalıştığı vardır. Şüphesiz onun çalışması ileride görülecektir. Sonra çalışmasının karşılığı kendisine tastamam verilecektir.
57,dogru,1.0,Necm,39,Necm,39,1,"Necm, 53/39-41.",31.08.2018,"31.08.2018 ÇALIŞMAK, HAYATIMIZA BEREKET GETİRİR",metinler,baslik_eslesti,İnsan için ancak çalıştığı vardır. Şüphesiz onun çalışması ileride görülecektir. Sonra çalışmasının karşılığı kendisine tastamam verilecektir.
58,dogru,1.0,Necm,39,Necm,39,2,Necm 53/39-41.,13.05.2022,13.05.2022 İŞ VE ÇALIŞMA AHLAKI,metinler,baslik_eslesti,İnsan için ancak çalışmasının karşılığı vardır. Çabası görülecek ve çalışmasının karşılığı kendisine mutlaka verilecektir.
59,dogru,1.0,Necm,39,Necm,39,1,"Necm, 53/39,40.",28.04.2023,28.04.2023 İŞ AHLAKI: TOPLUMSAL HUZURUN KAYNAĞI,metinler,baslik_eslesti,İnsan için ancak çalıştığının karşılığı vardır ve çalıştığını da görecektir.
60,dogru,1.0,Necm,39,Necm,39,2,"Necm 53/39,40.",25.04.2025,25.04.2025 ALIN TERİ MUKADDESTİR,metinler,baslik_eslesti,İnsan için ancak çalıştığının karşılığı vardır ve çalıştığını da görecektir.
61,dogru,1.0,Asr,1,Asr,1,1,"Asr, 103/1,2,3.",26.12.2014,26.12.2014 PAHA BİÇİLMEZ SERMAYE: ÖMÜR,metinler,baslik_eslesti,"Asra yemin ederim ki, İnsanlar gerçekten ziyandadır. Ancak iman edip dünya ve ahireti için yararlı işler yapanlar, birbirlerine hakkı ve sabrı tavsiye edenler başkadır."
62,dogru,1.0,Asr,1,Asr,1,3,"Asr, 103/1-3.",26.11.2021,26.11.2021 MÜMİN FAYDASIZ SÖZLERDEN VE LÜZUMSUZ İŞL,metinler,baslik_eslesti,"Asra yemin ederim ki insan gerçekten ziyan içindedir. Ancak iman edip iyi ameller işleyenler, birbirlerine hakkı ve sabrı tavsiye edenler bundan müstesnadır."
63,dogru,1.0,Asr,1,Asr,1,3,"Asr, 103/1-3.",28.01.2022,28.01.2022 ÜÇ AYLAR: RAHMET VE MAĞFİRET VESİLEMİZ,metinler,baslik_eslesti,"Andolsun zamana ki, insan gerçekten ziyan içindedir. Ancak, iman edip, sâlih ameller işleyenler, birbirlerine hakkı tavsiye edenler, birbirlerine sabrı tavsiye edenler başka, onlar ziyanda değillerdir."
64,dogru,1.0,Asr,1,Asr,1,3,"Asr, 103/1-3.",19.12.2025,19.12.2025 HER ANIMIZI EBEDİ KAZANCA DÖNÜŞTÜREBİLİR,metinler,baslik_eslesti,"Asra yemin olsun ki, insan gerçekten ziyandadır. Ancak, iman edip salih ameller işleyenler, birbirlerine hakkı ve sabrı tavsiye edenler bundan müstesnadır."
65,dogru,1.0,Bakara,155,Bakara,155,6,"Bakara, 2/155.",12.12.2014,"12.12.2014 MUSİBETLER KARŞISINDA SABIR, MÜMİNCE BİR",metinler,baslik_eslesti,"Sizi biraz korku ve açlıkla; mallardan, canlardan ve ürünlerden biraz azaltma ile deneriz. (Ey Peygamber!) Sabredenleri müjdele!"
66,dogru,1.0,Bakara,155,Bakara,155,2,"Bakara, 2/155.",22.11.2019,22.11.2019 MUSİBETLER KARŞISINDA MÜMİNİN TAVRI,metinler,baslik_eslesti,"Andolsun ki sizi biraz korku ve açlıkla; mallardan, canlardan ve ürünlerden eksiltmekle sınayacağız. Sabredenleri müjdele!"
67,dogru,1.0,Bakara,155,Bakara,155,1,"Bakara, 2/155.",31.01.2020,31.01.2020 AFETLERE KARŞI BİLİNÇLİ OLALIM,metinler,baslik_eslesti,"Andolsun ki sizi biraz korku ve açlıkla; mallardan, canlardan ve ürünlerden eksiltmekle sınayacağız. Sabredenleri müjdele!"
68,dogru,1.0,Bakara,155,Bakara,155,3,"Bakara, 2/155.",26.02.2021,26.02.2021 ZOR ZAMANLARDA MANEVİYATIMIZDAN DESTEK A,metinler,baslik_eslesti,"Andolsun ki sizi biraz korku ve açlıkla; mallardan, canlardan ve ürünlerden eksiltmekle sınayacağız. Sabredenleri müjdele!"
69,dogru,1.0,Bakara,186,Bakara,186,4,"Bakara, 2/186.",10.02.2017,10.02.2017 MÜMİNCE YAKARIŞIN ADI: DUA,metinler,baslik_eslesti,Bana dua ettiğinde dua edenin dileğine karşılık veririm.
70,dogru,1.0,Bakara,186,Bakara,186,1,"Bakara, 2/186.",10.01.2020,10.01.2020 PEYGAMBERİMİZİN DİLİNDEN DUALAR,metinler,baslik_eslesti,"Kullarım, beni sana sorarlarsa, bilsinler ki, ben onlara çok yakınım. Bana dua edince, dua edenin duasına karşılık veririm. Şu halde kullarım benim davetime uysunlar ve bana iman etsinler ki doğru yolu bulsunlar."
71,dogru,1.0,Bakara,186,Bakara,186,7,"Bakara, 2/186.",03.04.2020,03.04.2020 BERAT GECESİ: AF VE ARINMA VESİLESİ,metinler,baslik_eslesti,"Kullarım, beni senden sorarlarsa, bilsinler ki, gerçekten ben onlara çok yakınım. Bana dua edince, dua edenin duasına cevap veririm. O halde, doğru yolu bulmaları için benim davetime uysunlar, bana iman etsinler."
72,dogru,1.0,Bakara,186,Bakara,186,1,"Bakara, 2/186.",03.05.2024,03.05.2024 DUA: RABBİMİZE SIĞINMANIN SÖZLÜ İFADESİ,metinler,baslik_eslesti,"Kullarım, beni sana sorduklarında, bilsinler ki, ben onlara çok yakınım. Dua edenin duasına karşılık veririm. Öyleyse kullarım davetime uysunlar ve bana iman etsinler ki doğru yolu bulsunlar."
73,dogru,1.0,Fussilet,34,Fussilet,34,1,"Fussilet, 41/34.",11.03.2016,11.03.2016 DÜNYAYI İYİLİK DEĞİŞTİRİR,metinler,baslik_eslesti,"İyilikle kötülük asla bir olmaz. Kötülüğü en güzel bir şekilde iyilikle ortadan kaldır. O zaman göreceksin ki, seninle arasında husumet bulunan kimse sanki sıcak bir dost oluvermiştir."
74,dogru,1.0,Fussilet,34,Fussilet,34,1,"Fussilet, 41/34.",01.02.2019,01.02.2019 RIFK: ALLAH HER İŞTE ZERAFETİ SEVER,metinler,baslik_eslesti,İyilikle kötülük bir olmaz. Sen kötülüğü en güzel şekilde önle. O zaman bir de göreceksin ki seninle arasında düşmanlık bulunan kimse sımsıcak bir dost oluvermiş.
75,dogru,1.0,Fussilet,34,Fussilet,34,3,"Fussilet, 41/34.",08.03.2019,08.03.2019 İYİLİK PAYLAŞTIKÇA ÇOĞALIR,metinler,baslik_eslesti,İyilikle kötülük bir olmaz. Sen kötülüğü iyilikle önle. O zaman göreceksin ki seninle arasında düşmanlık bulunan kimse sımsıcak bir dost oluvermiş!
76,dogru,1.0,Fussilet,34,Fussilet,34,4,"Fussilet, 41/34.",07.03.2025,07.03.2025 İYİLİK AYI RAMAZAN,metinler,baslik_eslesti,İyilikle kötülük bir olmaz. Sen kötülüğü iyilikle önle. O zaman göreceksin ki seninle arasında düşmanlık bulunan kimse samimi bir dost oluvermiş!
77,dogru,1.0,Haşr,10,Haşr,10,5,Haşr 59/10.,10.01.2014,10.01.2014 MEVLİD-İ NEBİ,metinler,baslik_eslesti,"Rabbimiz! Bizi ve bizden önce iman etmiş olan kardeşlerimizi bağışla. Kalplerimizde, iman edenlere karşı hiçbir kin tutturma! Rabbimiz! Şüphesiz sen çok esirgeyicisin, çok merhametlisin."
78,dogru,1.0,Haşr,10,Haşr,10,7,Haşr 59/10.,10.10.2014,10.10.2014 BİZ KARDEŞİZ,metinler,baslik_eslesti,"Rabbimiz! Bizi ve bizden önce iman etmiş olan kardeşlerimizi bağışla. Kalplerimizde, iman edenlere karşı hiçbir kin tutturma! Rabbimiz! Şüphesiz sen çok esirgeyicisin, çok merhametlisin."
79,dogru,1.0,Haşr,10,Haşr,10,3,"Haşr, 59/10.",16.10.2015,16.10.2015 MERHAMET İKSİRİNİ YUDUMLAYABİLMEK,metinler,baslik_eslesti,"… Rabbimiz! Bizi ve bizden önceki iman etmiş kardeşlerimizi bağışla; kalplerimizde iman edenlere karşı kötü bir düşünce ve duyguya yer bırakma. Rabbimiz! Kuşkusuz sen çok şefkatlisin, çok merhametlisin."
80,dogru,1.0,Haşr,10,Haşr,10,5,"Haşr, 59/10.",23.07.2021,23.07.2021 MÜSLÜMAN’IN MÜSLÜMAN ÜZERİNDEKİ HAKLARI,metinler,baslik_eslesti,"Rabbimiz, bizi ve bizden önceki iman etmiş kardeşlerimizi bağışla. Kalplerimizde iman edenlere karşı hiçbir kin tutturma. Şüphesiz sen çok şefkatlisin, çok merhametlisin."
81,dogru,1.0,Kehf,46,Kehf,46,2,"Kehf, 18/46.",20.04.2018,20.04.2018 YARINLARIMIZIN ÜMİDİ ÇOCUKLARIMIZ,metinler,baslik_eslesti,dünya hayatının süsü
82,dogru,1.0,Kehf,46,Kehf,46,1,"Kehf, 18/46.",30.10.2020,30.10.2020 PEYGAMBERİMİZ VE ÇOCUK,metinler,baslik_eslesti,"Servet ve evlatlar, dünya hayatının süsüdür. Baki kalacak salih ameller ise, Rabbinin nezdinde hem sevapça daha hayırlı hem de ümit bağlamaya daha lâyıktır."
83,dogru,1.0,Kehf,46,Kehf,46,3,"Kehf, 18/46.",14.05.2021,14.05.2021 VAKIF: ŞEFKAT VE MERHAMET MEDENİYETİ,metinler,baslik_eslesti,"Ölümsüz olan iyi işler, Rabbinin nezdinde hem sevapça daha hayırlı, hem de ümit bağlamaya daha lâyıktır."
84,dogru,1.0,Kehf,46,Kehf,46,1,"Kehf, 18/46.",20.06.2025,"20.06.2025 HER YAZ YENİ BİR HEYECAN: CAMİ, ÇOCUK VE",metinler,baslik_eslesti,dünya hayatının süsü
85,dogru,1.0,Mülk,2,Mülk,2,1,"Mülk, 67/2.",25.12.2015,25.12.2015 SAYILI NEFESLERİMİZİ TÜKETİRKEN…,metinler,baslik_eslesti,"Allah, hanginizin daha güzel işler yapacağını sınamak için ölümü ve hayatı yaratandır. O, güçlüdür, bağışlayandır."
86,dogru,1.0,Mülk,2,Mülk,2,1,"Mülk, 67/2.",29.12.2017,29.12.2017 EŞSİZ SERMAYEMİZ: ÖMÜR,metinler,baslik_eslesti,"Allah, hanginizin daha iyi amel işlediğini ortaya koymak amacıyla sizi imtihan etmek için ölümü ve hayatı yaratandır. O, mutlak güç sahibidir, çok bağışlayandır."
87,dogru,1.0,Mülk,2,Mülk,2,3,"Mülk, 67/2.",26.01.2024,26.01.2024 MÜLK SÛRESİNDEN MESAJLAR,metinler,baslik_eslesti,"Allah, hanginizin işini daha güzel yapacağını sınamak için ölümü ve hayatı yaratandır. O, mutlak güç sahibidir, çok bağışlayandır."
88,dogru,1.0,Mülk,2,Mülk,2,1,"Mülk, 67/2.",26.04.2024,26.04.2024 HER İŞİN BİR AHLAKI VARDIR,metinler,baslik_eslesti,"Allah, hanginizin işini daha güzel yapacağını sınamak için ölümü de hayatı da yaratandır…"
89,dogru,1.0,Bakara,128,Bakara,128,6,"Bakara, 2/128.",09.09.2016,09.09.2016 BAYRAM VE HZ. İBRAHİM,metinler,baslik_eslesti,Rabbimiz! Bizi ve gelecek nesillerimizi sana teslim olanlardan eyle!
90,dogru,1.0,Bakara,128,Bakara,128,3,"Bakara, 2/128.",24.01.2020,24.01.2020 SORUMLULUK SAHİBİ BİR BABA OLABİLMEK,metinler,baslik_eslesti,"Ey Rabbimiz! Bizi sana teslim olanlardan eyle, soyumuzdan da sana teslim olacak bir ümmet çıkar. Bize ibadet usullerimizi göster, tövbemizi kabul et. Şüphesiz tövbeleri kabul eden, merhameti bol olan yalnız sensin."
91,dogru,1.0,Bakara,128,Bakara,128,4,"Bakara, 2/128.",03.05.2024,03.05.2024 DUA: RABBİMİZE SIĞINMANIN SÖZLÜ İFADESİ,metinler,baslik_eslesti,"Rabbimiz! Bizi sana teslim olanlardan eyle, soyumuzdan da sana teslim olacak bir ümmet çıkar."
92,dogru,1.0,Bakara,201,Bakara,201,5,"Bakara, 2/201.",05.12.2014,05.12.2014 AHİRET: HESAP VERME BİLİNCİ,metinler,baslik_eslesti,Ey Rabbimiz! Bize dünyada da iyilik ver ahirette de iyilik ver ve bizi ateş azabından koru!
93,dogru,1.0,Bakara,201,Bakara,201,3,"Bakara, 2/201.",11.03.2016,11.03.2016 DÜNYAYI İYİLİK DEĞİŞTİRİR,metinler,baslik_eslesti,"Rabbimiz! Bize dünyada da iyilik ver, ahirette de iyilik ver ve bizi cehennem azabından koru!"
94,dogru,1.0,Bakara,201,Bakara,201,10,"Bakara, 2/201; Buhârî, Deavât, 55.",10.02.2017,10.02.2017 MÜMİNCE YAKARIŞIN ADI: DUA,metinler,baslik_eslesti,Rabbimiz! Bize dünyada iyilik ver. Ahirette de iyilik ver. Bizi cehennem azabından koru
95,dogru,1.0,Bakara,205,Bakara,205,6,"Bakara, 2/205.",02.11.2018,02.11.2018 TEMİZ GIDA TEMİZ NESİL,metinler,baslik_eslesti,"O, senin yanından ayrılınca yeryüzünde bozgunculuk yapmaya, ekini ve nesli yok etmeye çalışır. Allah ise bozgunculuğu sevmez"
96,dogru,1.0,Bakara,205,Bakara,205,4,"Bakara, 2/205.",16.08.2024,16.08.2024 ÇEVREMİZ BİZE EMANETTİR,metinler,baslik_eslesti,"İnsanların bazıları vardır ki, eline fırsat geçtiğinde yeryüzünde bozgunculuk çıkarıp ürünleri ve nesilleri yok etmeye çalışır. Allah bozgunculuğu sevmez."
97,dogru,1.0,Bakara,205,Bakara,205,2,"Bakara, 2/205.",26.12.2025,26.12.2025 KİMLİĞİMİZ GELECEĞİMİZDİR,metinler,baslik_eslesti,"İnsanlardan öyleleri vardır ki, eline güç geçtiğinde bozgunculuk çıkarıp ürünleri, kültürleri ve nesilleri yok etmeye çalışır. Allah ise bozgunculuğu asla sevmez."
98,dogru,1.0,Hac,77,Hac,77,1,"Hac, 22/77.",01.05.2020,01.05.2020 RAMAZAN VE SORUMLULUK BİLİNCİ,metinler,baslik_eslesti,"Ey iman edenler! Rükû edin, secdeye kapanın, Rabbinize ibadet edin, dünya ve âhiret için faydalı işler yapın ki kurtuluşa eresiniz."
99,dogru,1.0,Hac,77,Hac,77,2,"Hac, 22/77.",16.04.2021,16.04.2021 ŞİFA AYI RAMAZAN,metinler,baslik_eslesti,"Ey iman edenler, rükû edin, secde edin, Rabbinize kulluk edin ve hayır işleyin ki kurtuluşa eresiniz."
100,dogru,1.0,Hac,77,Hac,77,3,"Hac, 22/77.",30.09.2022,30.09.2022 ONUN (S.A.S) ÇAĞRISI,metinler,baslik_eslesti,"Ey iman edenler! Rükû edin, secde edin, Rabbinize kulluk edin ve ahiret için faydalı işler yapın ki kurtuluşa eresiniz."
101,HATALI,1.0,Haşr,18,Maide,48,1,"Mâide, 5/48.",17.04.2015,"17.04.2015 DÜNYA BİZE, BİZ BİRBİRİMİZE EMANETİZ!",metinler,baslik_eslesti,Eğer Allah dileseydi sizi tek bir ümmet yapardı. Fakat verdiği şeylerde sizi imtihan etmek için ümmetlere ayırdı.
102,alinti_bulunamadi,0.254,Haşr,18,,,,,17.04.2015,"17.04.2015 DÜNYA BİZE, BİZ BİRBİRİMİZE EMANETİZ!",metinler,baslik_eslesti,"Ey iman edenler! Allah'a karşı gelmekten sakının ve herkes, yarın için önceden ne göndermiş olduğuna baksın. Allah'a karşı gelmekten sakının. Şüphesiz Allah, yaptıklarınızdan hakkıyla haberdardır."
103,dogru,1.0,Haşr,18,Haşr,18,8,"Haşr, 59/18.",22.05.2020,22.05.2020 BİR ÖMRÜ RAMAZAN GİBİ YAŞAMAK,metinler,baslik_eslesti,Ey iman edenler! Allah için takva sahibi olun. Herkes yarın için ne hazırladığına baksın!
104,dogru,1.0,Kehf,13,Kehf,13,3,"Kehf, 18/13.",05.02.2021,05.02.2021 GENÇLERİMİZ: EN BÜYÜK İMKÂN VE ZENGİNLİĞ,metinler,baslik_eslesti,"Şüphesiz onlar, Rablerine inanmış birkaç genç yiğitti. Biz de onların hidayetlerini artırmıştık!"
105,dogru,1.0,Kehf,13,Kehf,13,2,"Kehf, 18/13.",19.08.2022,19.08.2022 ARŞIN GÖLGESİNDE KORUNMAKLA MÜJDELENEN G,metinler,baslik_eslesti,Şüphesiz onlar Rablerine inanmış birkaç genç yiğitti. Biz de onların hidayetlerini artırmıştık.
106,dogru,1.0,Kehf,13,Kehf,13,2,"Kehf, 18/13.",19.05.2023,"19.05.2023 GENÇLERİMİZ, MİLLİ VE MANEVİ DEĞERLERİMİ",metinler,baslik_eslesti,Şüphesiz onlar Rablerine inanmış birkaç genç yiğitti. Biz de onların hidayetlerini artırmıştık.
107,dogru,1.0,Kehf,30,Kehf,30,3,"Kehf, 18/30.",20.08.2021,20.08.2021 MÜSLÜMAN İŞİNİ SAĞLAM VE GÜZEL YAPAR,metinler,baslik_eslesti,"İman edip dünya ve ahiret için yararlı işler yapanlar bilmelidirler ki, biz güzel iş yapanların ecrini asla zâyi etmeyiz."
108,dogru,1.0,Kehf,30,Kehf,30,1,"Kehf, 18/30.",03.02.2023,03.02.2023 İMANIN GEREĞİ: SALİH AMEL VE GÜZEL AHLAK,metinler,baslik_eslesti,"İman edip salih amel işleyenler bilmelidirler ki, biz güzel iş yapanların karşılığını asla zayi etmeyiz."
109,dogru,1.0,Kehf,30,Kehf,30,4,"Kehf, 18/30.",10.11.2023,10.11.2023 AZİM VE GAYRET SAHİBİ BİR MÜMİN OLABİLME,metinler,baslik_eslesti,"İman edip dünya ve ahiret için yararlı işler yapanlar bilmelidirler ki, biz güzel iş yapanların ecrini asla zayi etmeyiz."
110,dogru,1.0,Kevser,1,Kevser,1,1,"Kevser, 108/1-3.",24.09.2015,24.09.2015 KURBAN BAYRAMI,metinler,baslik_eslesti,"Şüphesiz biz sana bitmez tükenmez nimetler verdik. Öyleyse sen rabbin için namaz kıl ve kurban kes! Asıl soyu kesik olan, sana karşı nefret duyandır."
111,dogru,1.0,Kevser,1,Kevser,1,1,"Kevser, 108/1-2.",02.08.2019,02.08.2019 RABBİN İÇİN KURBAN KES,metinler,baslik_eslesti,Şüphesiz biz sana bitip tükenmez nimetler verdik. Şimdi sen Rabbin için namaz kıl ve kurban kes!
112,dogru,1.0,Kevser,1,Kevser,1,1,"Kevser, 108/1-3.",31.07.2020,31.07.2020 KURBAN BAYRAMI: TAKVA YOLCULUĞU,metinler,baslik_eslesti,"Şüphesiz biz sana bitip tükenmez nimetler verdik. O halde, Rabbin için namaz kıl, kurban kes! Doğrusu sana kin tutan, soyu kesik olanın ta kendisidir."
113,dogru,1.0,Saff,8,Saff,8,3,"Saff, 61/8.",13.10.2023,13.10.2023 ZULÜMLE ÂBÂD OLUNMAZ,metinler,baslik_eslesti,Kâfirler istemeseler de Allah nurunu tamamlayacaktır.
114,dogru,1.0,Saff,8,Saff,8,4,"Saff, 61/8.",13.12.2024,13.12.2024 HER ZORLUKTAN SONRA KOLAYLIK VARDIR,metinler,baslik_eslesti,Kâfirler istemeseler de Allah nurunu tamamlayacaktır.
115,dogru,1.0,Saff,8,Saff,8,6,"Saff, 61/8.",30.03.2025,30.03.2025 RAMAZAN BAYRAMI: SEVİNÇ VE KARDEŞLİK GÜN,metinler,baslik_eslesti,Kâfirler istemese de Allah nurunu tamamlayacaktır.
116,dogru,1.0,Sebe,39,Sebe,39,6,"Sebe, 34/39.",08.05.2020,"08.05.2020 RAMAZAN: İNFAK, YARDIMLAŞMA VE PAYLAŞMA ",metinler,baslik_eslesti,"Allah yolunda her ne harcarsanız, Allah onun yerine başkasını verir."
117,dogru,1.0,Sebe,39,Sebe,39,2,"Sebe’, 34/39.",31.03.2023,31.03.2023 ZEKÂT: İSLAM’IN DAYANIŞMA KÖPRÜSÜ,metinler,baslik_eslesti,"Hayır yolunda her ne harcarsanız Allah, onun daha iyisini verir. O, rızık verenlerin en hayırlısıdır."
118,dogru,1.0,Sebe,39,Sebe,39,3,"Sebe’, 34/39.",08.03.2024,08.03.2024 RAMAZAN GELİYOR! HAZIR MIYIZ?,metinler,baslik_eslesti,Allah yolunda her ne harcarsanız Allah onun yerine yenisini verir.
119,dogru,1.0,Tevbe,20,Tevbe,20,4,"Tevbe, 9/20.",01.11.2013,01.11.2013 RAHMET’İN HİCRETİ,metinler,baslik_eslesti,"İman edip hicret eden ve Allah yolunda mallarıyla, canlarıyla cihad eden kimselerin mertebeleri, Allah katında daha üstündür. İşte onlar, başarıya erenlerin tâ kendileridir."
120,dogru,1.0,Tevbe,20,Tevbe,20,1,"Tevbe, 9/20.",11.10.2019,11.10.2019 GÜN BİRLİK VE DAYANIŞMA GÜNÜDÜR,metinler,baslik_eslesti,"İman edip hicret eden ve Allah yolunda mallarıyla, canlarıyla cihad edenlerin Allah katındaki mertebeleri pek büyüktür. Muradına erecek olanlar da onlardır."
121,dogru,1.0,Tevbe,20,Tevbe,20,2,"Tevbe, 9/20.",29.07.2022,29.07.2022 HİCRETİMİZ RABBİMİZE OLSUN,metinler,baslik_eslesti,"İnanan, hicret eden, Allah yolunda mallarıyla ve canlarıyla cihad edenlerin Allah katındaki mertebeleri pek büyüktür. Muradına erecek olanlar da onlardır"
122,dogru,1.0,Tevbe,40,Tevbe,40,8,"Tevbe, 9/40.",13.12.2013,13.12.2013 DÜNYADA YOLCU OLABİLMEK!,metinler,baslik_eslesti,Şüphesiz Allah bizimle beraberdir
123,dogru,1.0,Tevbe,40,Tevbe,40,6,"Tevbe, 9/40.",21.04.2017,21.04.2017 MÜMİN GÜVENEN VE GÜVENİLEN İNSANDIR,metinler,baslik_eslesti,Üzülme! Endişelenme! Zira Allah bizimle beraberdir.
124,dogru,1.0,Tevbe,40,Tevbe,40,7,"Tevbe, 9/40.",10.11.2017,10.11.2017 ÖRNEK İNSAN: MÜMİN,metinler,baslik_eslesti,Üzülme! Allah bizimle beraberdir
125,dogru,1.0,Tevbe,71,Tevbe,71,1,"Tevbe, 9/71.",27.09.2013,"27.09.2013 DAVET HEPİMİZE, HEP BİRLİKTE CAMİYE!",metinler,baslik_eslesti,"Mümin erkeklerle mümin kadınlar birbirlerinin velileri, yardımcılarıdır."
126,dogru,1.0,Tevbe,71,Tevbe,71,1,"Tevbe, 9/71.",02.04.2021,02.04.2021 BİRBİRİMİZİN FARKINDA OLALIM,metinler,baslik_eslesti,Mümin erkekler ve mümin kadınlar birbirlerinin velileridir.
127,dogru,1.0,Tevbe,71,Tevbe,71,1,"Tevbe, 9/71.",24.03.2023,24.03.2023 RAMAZAN VE DAYANIŞMA,metinler,baslik_eslesti,Mümin erkekler ve mümin kadınlar birbirinin yardımcısıdır.
128,dogru,1.0,Bakara,110,Bakara,110,1,"Bakara, 2/110.",29.03.2024,29.03.2024 KARDEŞLİĞİMİZ ZEKÂTLA BEREKETLENSİN,metinler,baslik_eslesti,"Namazı kılın, zekâtı verin. Kendiniz için her ne hayır yaparsanız Allah katında onu bulursunuz. Muhakkak ki Allah, yaptıklarınızı eksiksiz görür."
129,dogru,1.0,Bakara,110,Bakara,110,1,"Bakara, 2/110.",14.03.2025,14.03.2025 İYİLİK KÖPRÜSÜ: ZEKÂT VE FITIR SADAKASI,metinler,baslik_eslesti,"Namazı kılın, zekâtı verin. Önceden kendiniz için ne hayır yaparsanız Allah katında onu bulursunuz. Şüphesiz Allah yaptıklarınızı eksiksiz görür."
130,dogru,1.0,Bakara,152,Bakara,152,2,"Bakara, 2/152.",14.08.2020,14.08.2020 ŞÜKREDEN HUZUR BULUR,metinler,baslik_eslesti,"Artık siz beni anın ki ben de sizi anayım. Bana şükredin, nankörlük etmeyin!"
131,dogru,1.0,Bakara,152,Bakara,152,1,"Bakara, 2/152.",06.05.2022,06.05.2022 ŞÜKÜR SANA EY ŞEKÛR,metinler,baslik_eslesti,"Artık siz beni anın ki ben de sizi anayım. Bana şükredin, bana nankörlük etmeyin!"
132,dogru,1.0,Bakara,168,Bakara,168,2,"Bakara, 2/168.",12.07.2013,12.07.2013 HELAL KAZANÇ HELAL LOKMA,metinler,baslik_eslesti,Ey insanlar! Yeryüzündeki şeylerin helâl ve temiz olanlarından yiyin! Şeytanın izinden yürümeyin. Çünkü o sizin için apaçık bir düşmandır.
133,dogru,1.0,Bakara,168,Bakara,168,4,"Bakara, 2/168.",31.08.2018,"31.08.2018 ÇALIŞMAK, HAYATIMIZA BEREKET GETİRİR",metinler,baslik_eslesti,Ey insanlar! Yeryüzündeki şeylerin helâl ve temiz olanlarından yiyin...
134,dogru,1.0,Bakara,222,Bakara,222,1,"Bakara, 2/222.",04.09.2020,"04.09.2020 İSLAM, TEMİZLİĞİ EMREDER",metinler,baslik_eslesti,"Şunu iyi bilin ki Allah, çok tövbe edenleri ve içi dışı temiz olanları sever."
135,dogru,1.0,Bakara,222,Bakara,222,4,"Bakara, 2/222.",13.11.2020,"13.11.2020 ABDEST: BEDENİMİZE SAĞLIK, RUHUMUZA HUZU",metinler,baslik_eslesti,"Allah, çok tevbe edenleri ve içi dışı temiz olanları sever."
136,dogru,1.0,Bakara,257,Bakara,257,4,"Bakara, 2/257.",09.02.2024,09.02.2024 HAYATI DEĞERLİ KILAN ÖLÇÜ: İMAN,metinler,baslik_eslesti,Allah iman edenlerin dostudur. Onları karanlıklardan aydınlığa çıkarır.
137,dogru,1.0,Bakara,257,Bakara,257,2,"Bakara, 2/257.",11.07.2025,11.07.2025 SAHİH DİNİ BİLGİNİN ÖNEMİ,metinler,baslik_eslesti,"Allah, iman edenlerin dostudur. Onları karanlıklardan aydınlığa çıkarır. İnkâr edenlere gelince, onların dostları da kendilerini aydınlıktan alıp karanlığa götüren tâğuttur, şeytandır, zalimdir. Onlar cehennem ehlidir. Orada ebedî kalacaklardır."
138,dogru,1.0,Bakara,274,Bakara,274,5,"Bakara, 2/274.",10.05.2019,10.05.2019 RAMAZAN VE İNFAK,metinler,baslik_eslesti,"Mallarını gece, gündüz; gizli ve açık infak edenler için Rableri katında ecirler vardır; onlar için korku yoktur ve onlar mahzun olmayacaklardır."
139,dogru,1.0,Bakara,274,Bakara,274,2,"Bakara, 2/274.",08.05.2020,"08.05.2020 RAMAZAN: İNFAK, YARDIMLAŞMA VE PAYLAŞMA ",metinler,baslik_eslesti,Mallarını gece gündüz; gizli ve açık infak edenler için Rableri katında ecirler vardır; onlar için korku yoktur ve onlar mahzun da olmayacaklardır.
140,dogru,1.0,Duha,7,Duha,7,4,"Duha, 93/7-9.",29.03.2013,29.03.2013 SOKAĞIN YETİMLERİ: ÇOCUKLARIMIZ,metinler,baslik_eslesti,"O, seni yetim bulup barındırmadı mı?... Öyleyse sakın yetimi ezme!"
141,dogru,1.0,Duha,7,Duha,7,4,"Duha, 93/7-9.",11.07.2014,11.07.2014 KİMSESİZLERİN KİMSESİ OLABİLMEK,metinler,baslik_eslesti,"O, seni yetim bulup barındırmadı mı?... Öyleyse sakın yetimi ezme!"
142,dogru,1.0,Kalem,4,Kalem,4,3,"Kalem, 68/4.",10.01.2014,10.01.2014 MEVLİD-İ NEBİ,metinler,baslik_eslesti,Sen elbette yüce bir ahlak üzeresin
143,dogru,1.0,Kalem,4,Kalem,4,3,"Kalem, 68/4.",03.02.2023,03.02.2023 İMANIN GEREĞİ: SALİH AMEL VE GÜZEL AHLAK,metinler,baslik_eslesti,Sen elbette yüce bir ahlâk üzeresin.
144,dogru,1.0,Kasas,77,Kasas,77,2,"Kasas, 28/77.",13.12.2013,13.12.2013 DÜNYADA YOLCU OLABİLMEK!,metinler,baslik_eslesti,Allah'ın sana verdiği şeylerde ahiret yurdunu ara. Dünyadan da nasibini unutma...
145,dogru,1.0,Kasas,77,Kasas,77,3,"Kasas, 28/77.",05.12.2014,05.12.2014 AHİRET: HESAP VERME BİLİNCİ,metinler,baslik_eslesti,Allah'ın sana verdiğinden (O'nun yolunda harcayarak) ahiret yurdunu iste; ama dünyadan da nasibini unutma.
146,dogru,1.0,Meryem,59,Meryem,59,1,Meryem 19/59.,27.01.2017,27.01.2017 NAMAZI ZAYİ ETMEK,metinler,baslik_eslesti,"O peygamberlerden sonra bir nesil geldi. Ve onlar, namazı kaybettiler. Namazı zayi ettiler ve kötü arzularına uydular. Heva ve heveslerine tabi oldular. Onlar bu tutumlarından ötürü elim bir azaba çarptırılacaklardır."
147,dogru,1.0,Meryem,59,Meryem,59,6,"Meryem, 19/59.",23.02.2018,23.02.2018 BAĞIMLILIK BİR TUZAKTIR,metinler,baslik_eslesti,Sonra bunların ardından namazı kılmayan ve nefsani arzularına uyan bir nesil geldi…
148,dogru,1.0,Mü'min,60,Mü'min,60,3,"Mü’min, 40/60.",10.02.2017,10.02.2017 MÜMİNCE YAKARIŞIN ADI: DUA,metinler,baslik_eslesti,"Bana dua edin ki, duanıza icabet edeyim."
149,dogru,1.0,Mü'min,60,Mü'min,60,4,"Mü’min, 40/60.",23.02.2024,23.02.2024 BERAT GECESİ: GÜNAHLARDAN ARINMA VESİLES,metinler,baslik_eslesti,"Bana dua edin, ben de duanızı kabul edeyim."
150,dogru,1.0,Müddessir,1,Müddessir,1,2,"Müddessir, 74/1-2",03.02.2012,03.02.2012 MEVLİD-İ NEBİ,metinler,baslik_eslesti,Ey örtüsüne bürünen kalk ve anlat.
151,dogru,1.0,Müddessir,1,Müddessir,1,1,"Müddessir, 74/1-3.",21.08.2020,"21.08.2020 MÜMİN: HAKKIN TEMSİLCİSİ, HAKİKATİN DAVE",metinler,baslik_eslesti,Ey örtüsüne bürünen! Kalk ve uyar! Sadece Rabbinin büyüklüğünü dile getir.
152,dogru,1.0,Mümtehine,4,Mümtehine,4,4,"Mümtehine, 60/4.",09.09.2016,09.09.2016 BAYRAM VE HZ. İBRAHİM,metinler,baslik_eslesti,İbrahim ve beraberindekilerde sizin için güzel bir örneklik vardır.
153,dogru,1.0,Mümtehine,4,Mümtehine,4,7,"Mümtehine, 60/4-5.",09.09.2016,09.09.2016 BAYRAM VE HZ. İBRAHİM,metinler,baslik_eslesti,"Rabbimiz! Sadece sana dayandık, sana yöneldik. Dönüş ancak sanadır. Bizleri inkâr edenlerin zulmüne uğratma!"
154,dogru,1.0,Nahl,125,Nahl,125,6,"Nahl, 16/125.",08.09.2023,"08.09.2023 İLİM YOLU, CENNET YOLUDUR",metinler,baslik_eslesti,Rabbinin yoluna hikmetle ve güzel öğütle davet et.
155,dogru,1.0,Nahl,125,Nahl,125,3,"Nahl, 16/125.",21.11.2025,21.11.2025 ŞİDDETİN ÇARESİ MERHAMET EĞİTİMİ,metinler,baslik_eslesti,Rabbinin yoluna hikmetle ve güzel öğütle davet et…
156,dogru,1.0,Tevbe,36,Tevbe,36,7,Tövbe 9/36.,30.12.2011,30.12.2011 ZAMAN BİLİNCİ,metinler,baslik_eslesti,Allah katında ayların sayısı on ikidir.
157,dogru,1.0,Tevbe,36,Tevbe,36,1,"Tevbe, 9/36.",06.09.2019,06.09.2019 MUHARREM AYI VE ÂŞÛRÂ GÜNÜ,metinler,baslik_eslesti,Allah katında ayların sayısı on ikidir.
158,dogru,1.0,Tevbe,128,Tevbe,128,5,"Tevbe, 9/128",03.02.2012,03.02.2012 MEVLİD-İ NEBİ,metinler,baslik_eslesti,bizim içimizden bize gelmiş
159,dogru,1.0,Tevbe,128,Tevbe,128,2,"Tevbe, 9/128.",07.11.2025,07.11.2025 VEFA İMANDANDIR,metinler,baslik_eslesti,"Andolsun, size içinizden öyle bir peygamber gelmiştir ki, sizin sıkıntıya uğramanız ona ağır gelir. O, size çok düşkündür. Müminlere karşı şefkat ve merhamet doludur"
160,dogru,1.0,Zuhruf,32,Zuhruf,32,1,"Zuhruf, 43/32.",26.04.2019,26.04.2019 TİCARET HAYATININ BEREKETİ: İŞ AHLAKI,metinler,baslik_eslesti,Rabbinin rahmetini onlar mı bölüştürüyorlar? Dünya hayatında onların geçimliklerini aralarında biz paylaştırdık. Birbirlerine iş gördürmeleri için kimini ötekine derecelerle üstün kıldık. Rabbinin rahmeti onların biriktirdikleri şeylerden daha hayırlıdır
161,dogru,1.0,Zuhruf,32,Zuhruf,32,1,"Zuhruf, 43/32.",08.05.2020,"08.05.2020 RAMAZAN: İNFAK, YARDIMLAŞMA VE PAYLAŞMA ",metinler,baslik_eslesti,"Dünya hayatında onların geçimliklerini aralarında biz paylaştırdık. Bir kısmı diğerini istihdam etsin diye çeşitli alanlarda kimini kimine, derece derece üstün kıldık."
162,dogru,1.0,A'raf,23,A'raf,23,4,A’raf 7/23.,13.11.2015,13.11.2015 ZİKİR: KALPLERE HAYAT VEREN İKSİR,metinler,baslik_eslesti,Eğer bizi bağışlamaz ve bize acımazsan mutlaka ziyana uğrayanlardan oluruz
163,dogru,1.0,A'raf,31,A'raf,31,3,"Araf, 7/31.",03.08.2018,03.08.2018 CAMİ VE CEMAAT ADABI,metinler,baslik_eslesti,Ey Âdemoğulları! Her mescide gidişinizde güzel ve temiz elbiselerinizi giyinin …
164,dipnotsuz,1.0,A'raf,96,,,,,18.09.2020,18.09.2020 BEREKET: MANEVİ BOLLUK,metinler,baslik_eslesti,"O memleketlerin ahalisi iman etseler ve günahtan sakınsalardı, elbette onların üstüne gökten ve yerden nice bereket kapıları açardık."
165,dogru,1.0,A'raf,199,A'raf,199,1,"Araf, 7/199.",14.02.2014,14.02.2014 AFFETMEK,metinler,baslik_eslesti,"Sen af yolunu tut, iyiliği emret ve cahillerden yüz çevir!"
166,dogru,1.0,Ahzab,33,Ahzab,33,1,"Ahzab, 33/33.",23.10.2015,23.10.2015 KERBELÂ’YI DOĞRU ANLAMAK,metinler,baslik_eslesti,"Ey Ehl-i Beyt! Allah sizden, sadece günahı gidermek ve sizi tertemiz yapmak istiyor."
167,dipnotsuz,1.0,Ahzab,45,,,,,03.02.2012,03.02.2012 MEVLİD-İ NEBİ,metinler,baslik_eslesti,"Ey velâdeti yeryüzünün baharı, insanlığın bayramı olan, gönüller sultanı, canda canan Yüce Resul! Sizi tanımış ve size iman etmiş olmaktan dolayı biz, erişilebilecek en büyük nimete ermenin idrakiyle Rabbimize sonsuz hamd ve sena ediyoruz. Ruhu tayyibenize gönül dolusu salat ve selam olsun. Allahümme salli alâ seyyidina Muhammed.."
168,dogru,1.0,Al-i İmran,164,Al-i İmran,164,3,"Al-i İmran, 3/164",03.02.2012,03.02.2012 MEVLİD-İ NEBİ,metinler,baslik_eslesti,"Andolsun Allah müminlere, kendi içlerinden, onlara ayetlerini okuyan, onları arıtıp tertemiz yapan, onlara kitap ve hikmeti öğreten bir peygamber göndermekle büyük bir lütufta bulunmuştur..."
169,dogru,1.0,Al-i İmran,173,Al-i İmran,173,7,"Al-i İmran, 3/173.",27.07.2018,27.07.2018 İMAN-AMEL İLİŞKİSİ,metinler,baslik_eslesti,Allah bize yeter. O ne güzel vekildir!
170,dogru,1.0,Alak,15,Alak,15,3,"Alak, 96/15.",22.05.2020,22.05.2020 BİR ÖMRÜ RAMAZAN GİBİ YAŞAMAK,metinler,baslik_eslesti,Secde et ve Rabbine yaklaş.
171,tur_hatasi,1.0,Bakara,35,Ebû Dâvûd,Zekât,4,"Ebû Dâvûd, Zekât, 38.",17.04.2015,"17.04.2015 DÜNYA BİZE, BİZ BİRBİRİMİZE EMANETİZ!",metinler,baslik_eslesti,Allah için size sığınan kimseye sığınak olun. Allah için isteyen kimseye verin. Sizi davet edenin davetine icabet edin. Size bir iyilik yapana karşılığını verin.
172,dogru,1.0,Bakara,44,Bakara,44,6,"Bakara, 2/44.",19.01.2018,19.01.2018 ÖNCE KENDİMİZDEN SORUMLUYUZ,metinler,baslik_eslesti,"Kitabı okuyup durduğunuz halde, kendinizi unutup iyiliği başkalarına mı emrediyorsunuz? Aklınızı kullanmıyor musunuz?"
173,dogru,1.0,Bakara,114,Bakara,114,1,"Bakara, 2/114.",07.11.2014,07.11.2014 MESCİD-İ AKSÂ KAN AĞLIYOR,metinler,baslik_eslesti,"Allah'ın mescitlerinde onun adının anılmasını yasak eden ve onların yıkılması için çalışandan kim daha zalimdir. Böyleleri oralara (eğer girerlerse) ancak korka korka girebilmelidirler. Bunlar için dünyada rezillik, ahirette de büyük bir azap vardır."
174,dogru,1.0,Bakara,126,Bakara,126,4,"Bakara, 2/126.",21.04.2017,21.04.2017 MÜMİN GÜVENEN VE GÜVENİLEN İNSANDIR,metinler,baslik_eslesti,Rabbim! Burayı güvenli bir belde yap!
175,dogru,1.0,Bakara,129,Bakara,129,1,"Bakara, 2/129.",06.09.2024,"06.09.2024 İLİM VE EĞİTİM, AHLAKLA YÜCELİR",metinler,baslik_eslesti,"Rabbimiz! İçlerinden onlara bir peygamber gönder; onlara ayetlerini okusun, kitabı ve hikmeti öğretsin ve onları her türlü kötülükten arındırsın. Şüphesiz, sen mutlak güç sahibisin, hüküm ve hikmet sahibisin."
176,dogru,1.0,Bakara,134,Bakara,134,1,"Bakara, 2/134, 141.",17.03.2017,17.03.2017 ŞEHADETİN DESTANLAŞTIĞI YER: ÇANAKKALE,metinler,baslik_eslesti,"Önceki ümmetler, gelip geçti. Onların yapıp etikleri kendilerine, sizin yapıp ettikleriniz de size aittir. Siz onların yapıp ettiklerinden sorguya çekilecek değilsiniz"
177,dogru,1.0,Bakara,151,Bakara,151,1,"Bakara, 2/151.",27.05.2022,27.05.2022 ALLAH’IN KİTABINA VE PEYGAMBERİNİN SÜNNE,metinler,baslik_eslesti,"Nitekim aranızdan size bir peygamber gönderdik: O size ayetlerimizi okuyor, sizi arıtıp temizliyor, size kitabı ve hikmeti öğretiyor; yine size daha önce bilmediklerinizi öğretiyor."
178,dogru,1.0,Bakara,165,Bakara,165,2,"Bakara, 2/165.",19.02.2021,19.02.2021 İMANIN TADINA ERMEK: ALLAH VE RESÛLÜ’NÜ ,metinler,baslik_eslesti,İman edenlerin Allah sevgisi çok kuvvetlidir.
179,dogru,1.0,Bakara,179,Bakara,179,3,"Bakara, 2/179.",01.11.2024,01.11.2024 HER CANIN DOKUNULMAZLIĞI VARDIR,metinler,baslik_eslesti,Ey akıl sahipleri! Kısasta sizin için hayat vardır. Umulur ki suç işlemekten sakınırsınız.
180,dogru,1.0,Bakara,185,Bakara,185,2,"Bakara, 2/185.",03.05.2019,03.05.2019 HOŞ GELDİN YA ŞEHR-İ RAMAZAN,metinler,baslik_eslesti,"Ramazan ayı, insanlar için bir hidayet rehberi, doğru yolun ve hak ile batılı birbirinden ayırmanın apaçık delilleri olarak Kur'an'ın kendisinde indirildiği aydır. Öyle ise içinizden kim bu aya ulaşırsa onu oruçla geçirsin..."
181,dogru,1.0,Bakara,208,Bakara,208,4,"Bakara, 2/208.",07.12.2018,07.12.2018 SELÂM: İSLÂM’IN GÜVEN VE BARIŞ ÇAĞRISI,metinler,baslik_eslesti,"Ey iman edenler! Hepiniz topluca barış ve güvenliğe (yani İslam'a) girin. Şeytanın adımlarını izlemeyin. Çünkü o, size apaçık bir düşmandır."
182,dogru,1.0,Bakara,250,Bakara,250,4,"Bakara, 2/250.",03.11.2023,03.11.2023 ZULME RIZA GÖSTERMEK ZULÜMDÜR,metinler,baslik_eslesti,Rabbimiz! Bize sabır ve dayanma gücü ver. Ayaklarımızı senin yolunda sabit kıl. Kâfirlere karşı bize yardım eyle.
183,dogru,1.0,Bakara,256,Bakara,256,4,"Bakara, 2/256.",27.01.2023,27.01.2023 EN BÜYÜK MUCİZE KUR’AN-I KERİM,metinler,baslik_eslesti,Dinde zorlama yoktur
184,dogru,1.0,Bakara,267,Bakara,267,4,"Bakara, 2/267.",14.03.2025,14.03.2025 İYİLİK KÖPRÜSÜ: ZEKÂT VE FITIR SADAKASI,metinler,baslik_eslesti,"Size verilse, gönlünüzün razı olmayacağı kötü bir malı, hayır diye bir başkasına vermeye kalkışmayın."
185,dogru,1.0,Bakara,275,Bakara,275,2,"Bakara, 2/275.",16.06.2017,"16.06.2017 ZEKÂT, KAZANCI ARTIRIR; FAİZ YOK EDER",metinler,baslik_eslesti,"Oysa Allah alışverişi helal, faizi haram kılmıştır."
186,dogru,1.0,Bakara,276,Bakara,276,3,"Bakara, 2/276.",16.06.2017,"16.06.2017 ZEKÂT, KAZANCI ARTIRIR; FAİZ YOK EDER",metinler,baslik_eslesti,"Allah, faizden elde edilen malı mahveder. Sadakaları ise artırır, bereketlendirir. Allah hiçbir günahkâr nankörü sevmez."
187,dogru,1.0,Bakara,285,Bakara,285,5,"Bakara, 2/285.",04.11.2022,04.11.2022 HAYAT REHBERİMİZ KUR’AN,metinler,baslik_eslesti,"Peygamber, Rabbinden kendisine indirilene inandı; müminler de inandılar"
188,dogru,1.0,Beyyine,7,Beyyine,7,2,"Beyyine, 98/7-8.",06.07.2018,06.07.2018 ALLAH’IN RIZASINA ULAŞTIRAN SALİH AMELLE,metinler,baslik_eslesti,"Şüphesiz, iman edip, salih ameller işleyenler var ya; işte onlar yaratılanların en hayırlısıdır. Rableri katında onların mükâfatı, altından ırmaklar akan, içinde ebedi kalacakları Adn cennetleridir. Allah onlardan razı olmuştur, onlar da Allah'tan razı olmuşlardır. İşte bu mükafat Rabbine derin saygı duyanlara mahsustur."
189,dogru,1.0,Cuma,9,Cuma,9,2,"Cum’a, 62/9.",01.12.2017,01.12.2017 GÜNEŞİN DOĞDUĞU EN HAYIRLI GÜN: CUMA,metinler,baslik_eslesti,"Ey iman edenler! Cuma günü ezan okunduğunda namaz için koşun ve alışverişle meşguliyeti bırakın. Bilesiniz ki bu, sizin için daha hayırlıdır."
190,dogru,1.0,En'am,82,En'am,82,1,En’am 6/82.,13.06.2014,13.06.2014 İMANIN ŞUBELERİ,metinler,baslik_eslesti,"İman edip de imanlarına zulüm karıştırmayanlar... İşte güven onların hakkıdır. Onlar, hidayet üzere olanlardır."
191,dogru,1.0,En'am,162,En'am,162,2,"En’am, 6/162.",19.06.2020,19.06.2020 HALİS NİYET VE SAMİMİYET,metinler,baslik_eslesti,"De ki, şüphesiz benim namazım, ibadetlerim, hayatım ve ölümüm, âlemlerin Rabbi olan Allah içindir."
192,dogru,1.0,Felak,1,Felak,1,2,"Felak, 113/1-5.",06.12.2019,06.12.2019 BATIL İNANÇ VE HURAFELER,metinler,baslik_eslesti,"De ki: Yarattığı şeylerin şerrinden, karanlığı çöktüğü zaman gecenin şerrinden, düğümlere üfürüp büyü yapan üfürükçülerin şerrinden ve kıskandığı vakit kıskanç kişinin şerrinden sabahın Rabbine sığınırım!"
193,dogru,1.0,Fetih,10,Fetih,10,1,"Fetih, 48/10.",07.11.2025,07.11.2025 VEFA İMANDANDIR,metinler,baslik_eslesti,…Kim Allah ile olan ahdine vefa gösterirse Allah ona büyük bir mükâfat verecektir
194,dogru,1.0,Furkan,77,Furkan,77,1,Furkan 25/77.,06.06.2014,"06.06.2014 DUA, İBADETİN ÖZÜDÜR",metinler,baslik_eslesti,De ki! Duanız olmasa Rabbim size ne diye değer versin?
195,dogru,1.0,Hac,27,Hac,27,1,"Hac, 22/27.",28.08.2015,28.08.2015 HAC YOLCULUĞUNDAN HAK YOLCULUĞUNA,metinler,baslik_eslesti,"İnsanlar arasında haccı ilan et ki, gerek yaya, gerek de uzak yollardan binekler üzerinde sana gelsinler."
196,dogru,1.0,Hac,38,Hac,38,1,"Hac, 22/38.",10.07.2020,10.07.2020 15 TEMMUZ VE BİRLİK RUHU,metinler,baslik_eslesti,"Biliniz ki Allah, iman edenleri korur. Şu da muhakkak ki Allah hiçbir haini, hiçbir nankörü sevmez."
197,dogru,1.0,Haşr,9,Haşr,9,1,"Haşr, 59/9.",14.08.2015,14.08.2015 İMANIN TEZAHÜRÜ: FEDAKÂRLIK VE İSÂR,metinler,baslik_eslesti,"… Onlar, Muhacirlere verilenlerden dolayı içlerinde bir rahatsızlık duymazlar. Kendileri son derece ihtiyaç içinde bulunsalar bile onları kendilerine tercih ederler. Kim nefsinin cimriliğinden, hırsından korunursa, işte onlar kurtuluşa erenlerin ta kendileridir."
198,dogru,1.0,Haşr,19,Haşr,19,2,"Haşr, 59/19.",06.10.2017,"06.10.2017 ALLAH’I UNUTANLAR, UNUTULURLAR",metinler,baslik_eslesti,İşte onlar gerçekten yoldan çıkmış kimselerdir.
199,dogru,1.0,Hicr,46,Hicr,46,2,"Hicr, 15/46.",20.11.2020,20.11.2020 CENNET: MÜMİNLERİ BEKLEYEN SONSUZ NİMET,metinler,baslik_eslesti,Selametle ve güvenle girin cennete!
200,dogru,1.0,Hicr,49,Hicr,49,3,"Hicr, 15/49.",08.11.2024,08.11.2024 MERHAMET EDEN MERHAMET BULUR,metinler,baslik_eslesti,"Resûlüm! Kullarıma, benim, çok bağışlayan ve çok esirgeyen olduğumu haber ver."
201,dogru,1.0,Hicr,50,Hicr,50,4,"Hicr, 15/50.",08.11.2024,08.11.2024 MERHAMET EDEN MERHAMET BULUR,metinler,baslik_eslesti,Azabımın da çok elem verici olduğunu bildir.
202,dogru,1.0,Hucurat,13,Hucurat,13,8,Hucurat 49/13,08.05.2015,"05.06.2015 İSLÂM, IRKÇILIĞIN HER TÜRLÜSÜNÜ REDDEDER",metinler,baslik_eslesti+tarih_duzeltildi,"Ey insanlar! Şüphe yok ki, biz sizi bir erkek ve bir dişiden yarattık ve birbirinizle tanışasınız diye sizi boylara ve kabilelere ayırdık. Allah katında en değerli olanınız, O'na karşı gelmekten en çok sakınanınızdır. Şüphesiz Allah hakkıyla bilendir, hakkıyla haberdâr olandır."
203,dogru,1.0,Kadir,1,Kadir,1,2,"Kadir, 97/1-5.",02.08.2013,02.08.2013 RAMAZANA VEDA VE KADİR GECESİ,metinler,baslik_eslesti,"Şüphesiz, biz onu (Kur'an'ı) Kadir gecesinde indirdik. Kadir gecesinin ne olduğunu sen ne bileceksin! Kadir gecesi bin aydan daha hayırlıdır. Melekler ve Ruh (Cebrail) o gecede, Rablerinin izniyle her türlü iş için iner de iner. O gece, tan yerinin ağarmasına kadar bir esenliktir."
204,dogru,1.0,Kasas,24,Kasas,24,2,"Kasas, 28/24.",17.02.2023,17.02.2023 MİRAÇ GECEMİZ: İLÂHÎ RAHMET VE SEKÎNET V,metinler,baslik_eslesti,Ey Rabbimiz! Bize göndereceğin her hayra muhtacız.
205,dogru,1.0,Kehf,45,Kehf,45,3,"Kehf, 18/45.",26.12.2014,26.12.2014 PAHA BİÇİLMEZ SERMAYE: ÖMÜR,metinler,baslik_eslesti,"...Dünya hayatı, gökten indirdiğimiz yağmur gibidir ki, o yağmurla yeryüzünün bitkileri boy verip birbirine karışır. Fakat bütün bu canlılık sonunda rüzgârın savurduğu kuru bir çerçöpe döner."
206,dogru,1.0,Kehf,104,Kehf,104,2,"Kehf, 18/104.",03.09.2021,03.09.2021 ALLAH İLİM YOLCUSUNA CENNETİ KOLAYLAŞTIR,metinler,baslik_eslesti,"Onlar, iyi işler yaptıklarını sandıkları halde, dünya hayatında çabaları boşa giden kimselerdir."
207,dogru,1.0,Kehf,107,Kehf,107,1,"Kehf, 18/107, 108.",22.12.2023,22.12.2023 MÜMİNLERİN EBEDİ YURDU: CENNET,metinler,baslik_eslesti,"İman edip salih amel işleyenler, Firdevs cennetlerinde ağırlanacaktır. Onlar, orada ebedi kalacaklar ve hiç ayrılmak istemeyeceklerdir."
208,dogru,1.0,Maide,6,Maide,6,1,"Maide, 5/6.",19.10.2018,19.10.2018 MADDİ VE MANEVİ ARINMA: TEMİZLİK,metinler,baslik_eslesti,"Allah size herhangi bir güçlük çıkarmak istemez, fakat O sizi tertemiz kılmak ve üzerinizdeki nimetini tamamlamak ister ki şükredesiniz."
209,dogru,1.0,Maide,8,Maide,8,2,Maide 5/8.,25.03.2016,25.03.2016 HAK VE HAKİKAT,metinler,baslik_eslesti,"Ey iman edenler! Allah için hakkı ayakta tutan, adaletle şahitlik eden kimseler olun..."
210,dogru,1.0,Maide,27,Maide,27,1,"Maide, 5/27.",04.10.2013,04.10.2013 KURBANLARIMIZLA PEKİŞSİN KARDEŞLİĞİMİZ,metinler,baslik_eslesti,Kurban ancak takva sahiplerinden kabul olunur.
211,HATALI,1.0,Maide,105,Hicr,99,1,"Hicr, 15/99.",17.07.2015,17.07.2015 RAMAZAN MEKTEBİNİN ÖĞRETTİKLERİ,veriseti,baslik_eslesti,Sana ölüm gelinceye kadar Rabbine ibadet et.
212,dogru,1.0,Meryem,31,Meryem,31,6,"Meryem, 19/31.",09.10.2015,09.10.2015 NAMAZ DİRİLİŞTİR,metinler,baslik_eslesti,Nerede olursam olayım yaşadığım sürece Allah bana namazı emretti.
213,dogru,1.0,Muhammed,7,Muhammed,7,3,"Muhammed, 47/7.",24.08.2018,"24.08.2018 GAYRET MÜMİNLERDEN, ZAFER ALLAH’TANDIR",metinler,baslik_eslesti,"Ey iman edenler! Eğer siz Allah'ın dinine yardım ederseniz O da size yardım eder, ayaklarınızı kaydırmaz."
214,dogru,1.0,Mutaffifin,14,Mutaffifin,14,1,"Mutaffifin,83/14",15.04.2011,15.04.2011 MERHAMET EĞİTİMİ,metinler,baslik_eslesti,…Hayır hayır! Doğrusu yapıp ettiklerinden dolayı kalplerinin üzeri pas tutmuştur.
215,dogru,1.0,Müddessir,4,Müddessir,4,4,"Müddessir, 74/4-5.",19.10.2018,19.10.2018 MADDİ VE MANEVİ ARINMA: TEMİZLİK,metinler,baslik_eslesti,Elbiseni tertemiz tut. Her türlü pislikten uzak dur
216,dogru,1.0,Mülk,30,Mülk,30,4,"Mülk, 67/30.",18.07.2025,18.07.2025 SUYUMUZU İSRAF ETMEYELİM,metinler,baslik_eslesti,"De ki, Söyleyin bakalım: Suyunuz çekilip kayboluverse, size kim temiz bir su kaynağı getirebilir?"
217,dogru,1.0,Nahl,59,Nahl,59,8,"Nahl, 58/59",25.11.2011,"25.11.2011 EŞİMİZ, EVLADIMIZ, ANNEMİZ: KADIN",metinler,baslik_eslesti,"Onlardan birine bir kızının dünyaya geldiği müjdelendiğinde, içi öfke ile dolarak yüzü simsiyah kesilir! Kendisine verilen bu kötü haber yüzünden utanır ve eşinden dostundan gizlenirdi."
218,dogru,1.0,Nahl,66,Nahl,66,3,"Nahl, 16/66.",04.11.2022,04.11.2022 HAYAT REHBERİMİZ KUR’AN,metinler,baslik_eslesti,Hayvanlarda sizin için elbette ibret vardır
219,dogru,1.0,Nahl,80,Nahl,80,2,"Nahl, 16/80.",16.05.2025,"16.05.2025 AİLE: GÜVEN, SADAKAT VE MERHAMET YUVASI",metinler,baslik_eslesti,"Allah, evlerinizi sizin için bir huzur ve sükûnet yeri kıldı…"
220,dogru,1.0,Nahl,128,Nahl,128,1,"Nahl, 16/128.",20.01.2023,20.01.2023 ALLAH’IM! ÜÇ AYLARI BİZE BEREKETLİ KIL,metinler,baslik_eslesti,"Allah, takva ile hareket eden ve iyilik yapanlarla beraberdir."
221,HATALI,1.0,Nasr,1,Mutaffifin,1,1,"Mutaffifîn, 83/1-6.",18.08.2017,18.08.2017 ALIŞVERİŞ VE TİCARET AHLAKI,metinler,baslik_eslesti,"Ölçü ve tartıda hile yapanlara yazıklar olsun. Onlar, insanlardan bir şey aldıklarında tam ölçüp tartarlar. Kendileri başkalarına vermek için ölçtüklerinde ise eksik tartarlar. Onlar, büyük bir gün için diriltileceklerini hiç mi düşünmezler? O gün insanlar, Âlemlerin Rabbinin huzurunda hazır beklerler."
222,dogru,1.0,Nasr,3,Nasr,3,4,"Nasr, 110/3.",15.06.2018,15.06.2018 KULLUK BİLİNCİYLE BİR ÖMÜR GEÇİRMEK,veriseti,baslik_eslesti,Allah tövbeleri çokça kabul edendir.
223,dogru,1.0,Nebe,10,Nebe,10,2,"Nebe, 78/10-11.",08.08.2025,08.08.2025 SILA-İ RAHİMLE BEREKETLENEN TATİL,metinler,baslik_eslesti,Geceyi istirahat etmek için üzerinize örtü yaptık. Gündüzü de çalışıp geçim temin etme zamanı kıldık.
224,tur_hatasi,1.0,Necm,1,Müslim,Birr,2,"Müslim, Birr, 14.",06.04.2018,06.04.2018 İYİLİK: PAYLAŞILDIKÇA ARTAN DEĞER,metinler,baslik_eslesti,İyilik güzel ahlâktır. Kötülük ise vicdanını rahatsız eden ve insanların bilmesini istemediğin şeydir.
225,dogru,1.0,Necm,32,Necm,32,4,"Necm, 53/32.",19.01.2018,19.01.2018 ÖNCE KENDİMİZDEN SORUMLUYUZ,metinler,baslik_eslesti,"Sakın kendinizi kusursuz görmeye kalkışmayın! Çünkü Allah, kendisine karşı gelmekten sakınanları en iyi bilendir."
226,dogru,1.0,Nisa,29,Nisa,29,2,"Nisa, 4/29.",17.09.2021,17.09.2021 TİCARET HAYATINDA HELAL HARAM BİLİNCİ,metinler,baslik_eslesti,"Ey iman edenler! Mallarınızı aranızda haksız yollarla değil, karşılıklı rıza ile yapılan ticaretle yiyin, haram ile kendinizi mahvetmeyin. Şüphesiz Allah size karşı çok merhametlidir."
227,dogru,1.0,Nisa,48,Nisa,48,3,"Nisa, 4/48, 116.",05.05.2017,05.05.2017 NEDAMET VE ÜMİDİN ADI: TÖVBE,metinler,baslik_eslesti,"Allah, kendisine ortak koşulmasını asla bağışlamaz. Diğer bütün günahları dilediği kimseler için bağışlar."
228,dogru,1.0,Nisa,93,Nisa,93,5,"Nisa, 4/93.",12.10.2018,"12.10.2018 CENÂB-I HAK, HER HAK SAHİBİNE HAKKINI VE",metinler,baslik_eslesti,"Kim bir mümini kasten öldürürse cezası, içinde devamlı kalmak üzere cehennemdir. Allah ona gazap etmiş, onu lanetlemiş ve onun için büyük bir azap hazırlamıştır."
229,dogru,1.0,Ra'd,29,Ra'd,29,3,"Ra’d, 13/29.",20.09.2024,20.09.2024 PEYGAMBERİMİZ (S.A.S) VE ŞAHSİYET İNŞASI,metinler,baslik_eslesti,İman edip dünya ve ahiret için yararlı işler yapanlara müjdeler olsun! Onların varacağı yer ne güzel yerdir.
230,dogru,1.0,Rum,21,Rum,21,8,"Rum, 30/21.",20.07.2018,20.07.2018 DÜĞÜN ÂDÂBI,metinler,baslik_eslesti,"Kendileriyle huzur bulmamız için bizlere eşler yaratan, aramızda sevgi ve rahmet bağları var eden"
231,dogru,1.0,Saffat,102,Saffat,102,4,"Saffat, 37/102.",23.11.2018,23.11.2018 EN BÜYÜK ZENGİNLİĞİMİZ GENÇLERİMİZ,metinler,baslik_eslesti,Babacığım! Sana emredileni yap; inşallah beni sabredenlerden biri olarak bulacaksın
232,dogru,1.0,Tahrim,6,Tahrim,6,1,"Tahrim, 66/6.",23.02.2018,23.02.2018 BAĞIMLILIK BİR TUZAKTIR,metinler,baslik_eslesti,"Ey iman edenler! Kendinizi ve ailenizi, yakıtı insanlar ve taşlar olan cehennem ateşinden koruyun…"
233,dogru,1.0,Tekvir,26,Tekvir,26,1,"Tekvir, 81/26.",02.06.2017,02.06.2017 ORUCUN AÇLIĞI AÇGÖZLÜLÜĞÜ TEDAVİ EDER,metinler,baslik_eslesti,Gidişiniz nereye?
234,dogru,1.0,Yusuf,101,Yusuf,101,4,"Yusuf, 12/101.",08.08.2014,"08.08.2014 SADIK İMAN, SAMİMİ NİYET, SALİH AMEL",metinler,baslik_eslesti,Rabbim! Beni Müslüman olarak öldür ve salih kulların arasına kat!
235,dogru,1.0,Zümer,3,Zümer,3,3,"Zümer, 39/3.",24.05.2019,31.05.2019 KADİR GECESİ: KUR'ÂN İLE ŞEREFLENEN GECE,metinler,baslik_eslesti+tarih_duzeltildi,Bilinmelidir ki hâlis dindarlık yalnız Allah için olanıdır.
236,dogru,1.0,Zümer,73,Zümer,73,3,"Zümer, 39/73.",20.11.2020,20.11.2020 CENNET: MÜMİNLERİ BEKLEYEN SONSUZ NİMET,metinler,baslik_eslesti,"Nihayet oraya vardıklarında cennetin kapıları açılır ve cennet bekçileri onlara şöyle der: Selam olsun size! Hoş geldiniz. Haydi, ebedi kalmak üzere buyurun girin cennete!"
237,dipnotsuz,1.0,İbrahim,3,,,,,20.11.2015,20.11.2015 KÜRESEL TERÖRÜN HEDEF ALDIĞI DİN: İSLAM,metinler,baslik_eslesti,"Rabbimiz! İlmimizi, anlayışımızı artır ve bizi salih kullarından eyle!"
238,dogru,1.0,İbrahim,40,İbrahim,40,3,"İbrahim, 14/40.",09.10.2015,09.10.2015 NAMAZ DİRİLİŞTİR,metinler,baslik_eslesti,Rabbim! Beni ve soyumdan gelecekleri namazı devamlı kılanlardan eyle.
239,dogru,1.0,İnsan,8,İnsan,8,1,"İnsan, 76/8,9.",28.11.2025,28.11.2025 FEDAKÂRLIĞIN ZİRVESİ: ÎSÂR,metinler,baslik_eslesti,"Onlar, yiyeceklerini yoksula, yetime ve esire seve seve ikram ederler. Ve şöyle derler: Biz size Allah için ikram ediyoruz; sizden ne bir karşılık ne de bir teşekkür bekliyoruz"
240,dogru,1.0,İnşirah,7,İnşirah,7,1,"İnşirah, 94/7-8.",25.07.2014,25.07.2014 RAMAZAN MUHASEBESİ,metinler,baslik_eslesti,"Şüphesiz iman edip salih ameller işleyen, namazı dosdoğru kılan ve zekatı verenlerin mükafatları Rableri katındadır. Onlara korku yoktur. Onlar mahzun da olmayacaklardır."
241,dogru,1.0,İnşirah,8,İnşirah,8,4,"İnşirah, 94/8.",20.01.2023,20.01.2023 ALLAH’IM! ÜÇ AYLARI BİZE BEREKETLİ KIL,metinler,baslik_eslesti,Ancak Rabbine yönel.
242,dogru,1.0,İsra,14,İsra,14,5,İsra 17/14.,26.11.2021,26.11.2021 MÜMİN FAYDASIZ SÖZLERDEN VE LÜZUMSUZ İŞL,metinler,baslik_eslesti,Oku şimdi kitabını! Bugün hesap sorucu olarak sana nefsin yeter.
243,dogru,1.0,İsra,80,İsra,80,1,İsra 17/80.,04.04.2014,04.04.2014 DOĞRULUK VE SADAKA,metinler,baslik_eslesti,"Ve şöyle niyaz et: Rabbim! Gireceğim yere doğruluk, dürüstlük ve sıdk ile girmemi sağla; çıkacağım yerden de doğruluk, dürüstlük ve sıdk ile çıkmamı sağla. Bana yüce katından tarafından, hakkıyla yardım edici bir kuvvet ihsan eyle!"
244,dogru,1.0,Şems,7,Şems,7,2,"Şems, 91/7-10.",30.11.2018,30.11.2018 NEFİS: İYİ VE KÖTÜNÜN MÜCADELE ALANI,metinler,baslik_eslesti,"Nefse ve onu şekillendirip düzenleyene; ona kötü ve iyi olma kabiliyeti verene yemin olsun ki, nefsini arındıran elbette kurtuluşa ermiştir. Onu arzularıyla baş başa bırakan da ziyana uğramıştır."
