dosya,satir,eylem,eski,yeni,gerekce
ayet,14,tarih_duzeltildi,"Alak,1","Alak,1","Alak, 96/1-5."
ayet,24,HATALI,"Zümer,9","Fatiha,5","Fâtiha, 1/5."
ayet,25,tarih_duzeltildi,"Zümer,9","Zümer,9","Zümer, 39/9."
ayet,37,tarih_duzeltildi,"Bakara,286","Bakara,286","Bakara, 2/286."
ayet,44,tasindi,"Bakara,183","Ahmed b. Hanbel,",tür karışması: diğer dosyaya taşındı
ayet,45,tarih_duzeltildi,"Bakara,183","Bakara,183","Bakara, 2/183."
ayet,101,HATALI,"Haşr,18","Maide,48","Mâide, 5/48."
ayet,167,sil,"Ahzab,45",,"Alıntı ayet değil: 03.02.2012 Mevlid-i Nebi hutbesinde yazarın Peygamber'e kendi hitabı (""Ey velâdeti yeryüzünün baharı..."" + salavat). Ahzâb 33/45-46 dipnotu metnin başka bir alıntısına ait."
ayet,171,tasindi,"Bakara,35","Ebû Dâvûd,Zekât",tür karışması: diğer dosyaya taşındı
ayet,202,tarih_duzeltildi,"Hucurat,13","Hucurat,13",Hucurat 49/13
ayet,211,HATALI,"Maide,105","Hicr,99","Hicr, 15/99."
ayet,221,HATALI,"Nasr,1","Mutaffifin,1","Mutaffifîn, 83/1-6."
ayet,224,tasindi,"Necm,1","Müslim,Birr",tür karışması: diğer dosyaya taşındı
ayet,235,tarih_duzeltildi,"Zümer,3","Zümer,3","Zümer, 39/3."
ayet,237,elle_duzeltildi,"İbrahim,3","Taha,114","Kapanış duası Tâhâ 20/114 (""Rabbi zidnî ilmen""). 20.11.2015 hutbesinde bu duanın dipnotu yok; komşu 1 nolu dipnot (İbrahim 14/3) yanlışlıkla atanmış."
hadis,5,kirpilmis_duzeltildi,"Tirmizî,Birr","Tirmizî,Birr ve Sıla","Tirmizî, Birr ve Sıla, 33."
hadis,7,kirpilmis_duzeltildi,"Tirmizî,Birr","Tirmizî,Birr ve sıla","Tirmizî, Birr ve sıla, 58."
hadis,8,kirpilmis_duzeltildi,"Tirmizî,Birr","Tirmizî,Birr ve Sıla","Tirmizi, Birr ve Sıla, 36."
hadis,10,kirpilmis_duzeltildi,"Tirmizî,Birr","Tirmizî,Birr ve Sıla","Tirmizî, Birr ve Sıla, 33."
hadis,11,kirpilmis_duzeltildi,"Tirmizî,Birr","Tirmizî,Birr ve Sıla","Tirmizî, Birr ve Sıla, 15."
hadis,12,kirpilmis_duzeltildi,"Tirmizî,Birr","Tirmizî,Birr ve Sıla","Tirmizî, Birr ve Sıla, 14."
hadis,13,HATALI,"Tirmizî,Birr","Müslim,Sıfâtu’l Münâfikın","Müslim, Sıfâtu’l Münâfikın, 78."
hadis,14,kirpilmis_duzeltildi,"Tirmizî,Birr","Tirmizî,Birr ve Sıla","Tirmizi, Birr ve Sıla, 16."
hadis,15,tarih_duzeltildi,"Tirmizî,Birr","Tirmizî,Birr","Tirmizî, Birr, 15."
hadis,18,kirpilmis_duzeltildi,"Tirmizî,Birr","Tirmizî,Birr ve sıla","Tirmizî, Birr ve sıla, 33."
hadis,48,kirpilmis_duzeltildi,"Müslim,Birr","Müslim,Birr ve Sıla","Müslim, Birr ve Sıla, 30."
hadis,49,kirpilmis_duzeltildi,"Müslim,Birr","Müslim,Birr ve Sıla","Müslim, Birr ve Sıla, 34."
hadis,50,kirpilmis_duzeltildi,"Müslim,Birr","Müslim,Birr ve Sıla","Müslim, Birr ve Sıla, 34."
hadis,52,kirpilmis_duzeltildi,"Müslim,Birr","Müslim,Birr ve sıla","Müslim, Birr ve sıla, 69."
hadis,53,kirpilmis_duzeltildi,"Müslim,Birr","Müslim,Birr ve Sıla","Müslim, Birr ve Sıla, 105."
hadis,54,kirpilmis_duzeltildi,"Müslim,Birr","Müslim,Birr ve Sıla","Müslim, Birr ve Sıla, 66."
hadis,55,kirpilmis_duzeltildi,"Müslim,Birr","Müslim,Birr ve Sıla","Müslim, Birr ve Sıla, 30."
hadis,57,kirpilmis_duzeltildi,"Müslim,Birr","Müslim,Birr ve Sıla","Müslim, Birr ve Sıla, 66."
hadis,64,tarih_duzeltildi,"Müslim,Birr","Müslim,Birr","Müslim, Birr, 34."
hadis,104,eksik_tamamlandi,"Buhârî,-","Buhârî,Savm","Buhârî , Savm, 9; Müslim, Sıyâm, 30."
hadis,105,eksik_tamamlandi,"Buhârî,-","Buhârî,Îmân","Buhârî, Îmân 4."
hadis,106,eksik_tamamlandi,"Buhârî,-","Buhârî,İman","Buharî, İman, 39."
hadis,107,eksik_tamamlandi,"Buhârî,-","Buhârî,Îmân","Buhârî, Îmân, 41."
hadis,108,eksik_tamamlandi,"Buhârî,-","Buhârî,Îdeyn","Buhârî, Îdeyn, 3."
hadis,109,eksik_tamamlandi,"Buhârî,-","Buhârî,Îmân","Buhârî, Îmân, 29."
hadis,110,eksik_tamamlandi,"Buhârî,-","Buhârî,Îmân","Buhârî, Îmân, 4."
hadis,111,eksik_tamamlandi,"Buhârî,-","Buhârî,Îmân","Buhârî, Îmân, 39; Müslim, Müsâkât, 107."
hadis,112,eksik_tamamlandi,"Buhârî,-","Buhârî,Îmân","Buhârî, Îmân, 37."
hadis,113,eksik_tamamlandi,"Buhârî,-","Buhârî,Îmân","Buhârî, Îmân, 39."
hadis,114,eksik_tamamlandi,"Buhârî,-","Buhârî,Îmân","Buhârî, Îmân, 28."
hadis,115,eksik_tamamlandi,"Buhârî,-","Buhârî,Îdeyn","Buhârî, Îdeyn, 3."
hadis,116,eksik_tamamlandi,"Buhârî,-","Buhârî,Îdeyn","Buhârî, Îdeyn, 3."
hadis,117,eksik_tamamlandi,"Buhârî,-","Buhârî,Îmân","Buhârî, Îmân, 29."
hadis,118,eksik_tamamlandi,"Buhârî,-","Buhârî,Îmân","Buhârî, Îmân, 39; Müslim, Müsâkât, 107."
hadis,119,eksik_tamamlandi,"Buhârî,-","Buhârî,Îdeyn","Buhârî, Îdeyn, 3."
hadis,120,eksik_tamamlandi,"Buhârî,-","Buhârî,Îmân","Buhârî, Îmân, 39."
hadis,121,eksik_tamamlandi,"Buhârî,-","Buhârî,Îdeyn","Buhârî, Îdeyn, 3."
hadis,122,eksik_tamamlandi,"Buhârî,-","Buhârî,Îdeyn","Buhârî, Îdeyn, 3."
hadis,123,eksik_tamamlandi,"Buhârî,-","Buhârî,Îmân","Buhârî, Îmân, 8."
hadis,124,eksik_tamamlandi,"Buhârî,-","Buhârî,Îmân","Buhârî, Îmân, 39."
hadis,125,HATALI+tarih_duzeltildi,"Ebû Dâvûd,Edeb","Hakim,Müstedrek","Hakim, Müstedrek, “Tevbe ve İnâbe” H.no:7632"
hadis,126,HATALI,"Ebû Dâvûd,Edeb","Müslim,Zekât","Müslim, Zekât, 52."
hadis,127,HATALI+tarih_duzeltildi,"Ebû Dâvûd,Edeb","Müslim,İmâre","Müslim, İmâre, 30."
hadis,128,tasindi,"Ebû Dâvûd,Edeb","Meryem,96",tür karışması: diğer dosyaya taşındı
hadis,129,tarih_duzeltildi,"Ebû Dâvûd,Edeb","Ebû Dâvûd,Edeb","Ebu Davud, Edeb 111-112"
hadis,145,eksik_tamamlandi,"Müslim,-","Müslim,Îmân","Müslim, Îmân, 78."
hadis,146,eksik_tamamlandi,"Müslim,-","Müslim,Îmân","Müslim, Îmân, 164."
hadis,147,eksik_tamamlandi,"Müslim,-","Müslim,Îmân","Müslim, Îmân, 147."
hadis,148,tasindi,"Müslim,-","Hud,114",tür karışması: diğer dosyaya taşındı
hadis,149,eksik_tamamlandi,"Müslim,-","Müslim,Îmân","Müslim, Îmân, 65."
hadis,150,eksik_tamamlandi,"Müslim,-","Müslim,Îmân","Müslim, Îmân, 78."
hadis,151,eksik_tamamlandi,"Müslim,-","Müslim,Îmân","Müslim, Îmân, 73."
hadis,152,eksik_tamamlandi,"Müslim,-","Müslim,Îmân","Müslim, Îmân, 164."
hadis,153,eksik_tamamlandi,"Müslim,-","Müslim,Îmân","Müslim, Îmân, 147."
hadis,154,eksik_tamamlandi,"Müslim,-","Müslim,Îmân","Müslim, Îmân, 147; Tirmizî, Edeb, 41."
hadis,155,eksik_tamamlandi,"Müslim,-","Müslim,Îmân","Müslim, Îmân, 78."
hadis,156,eksik_tamamlandi,"Müslim,-","Müslim,Îmân","Müslim, Îmân, 164."
hadis,157,eksik_tamamlandi,"Müslim,-","Müslim,Îmân","Müslim, Îmân, 73."
hadis,158,eksik_tamamlandi,"Müslim,-","Müslim,Îmân","Müslim, Îmân, 164."
hadis,159,eksik_tamamlandi,"Müslim,-","Müslim,Îmân","Müslim, Îmân, 95."
hadis,160,eksik_tamamlandi,"Müslim,-","Müslim,Îmân","Müslim, Îmân, 164."
hadis,161,eksik_tamamlandi,"Müslim,-","Müslim,Îmân","Müslim, Îmân, 29."
hadis,162,eksik_tamamlandi,"Müslim,-","Müslim,Îmân","Müslim, Îmân, 78."
hadis,163,eksik_tamamlandi,"Müslim,-","Müslim,Îmân","Müslim, Îmân, 57."
hadis,164,eksik_tamamlandi,"Müslim,-","Müslim,Îmân","Müslim, Îmân, 164."
hadis,165,kirpilmis_duzeltildi,"Tirmizî,Sıfatü’l-kıy","Tirmizî,Sıfatü’l-kıyâme","Tirmizî, Sıfatü’l-kıyâme, 1."
hadis,166,kirpilmis_duzeltildi,"Tirmizî,Sıfatü’l-kıy","Tirmizî,Sıfatü’l-kıyâme","Tirmizî, Sıfatü’l-kıyâme, 59."
hadis,167,kirpilmis_duzeltildi,"Tirmizî,Sıfatü’l-kıy","Tirmizî,Sıfatü’l-kıyâme","Tirmizî, Sıfatü’l-kıyâme, 59."
hadis,168,kirpilmis_duzeltildi,"Tirmizî,Sıfatü’l-kıy","Tirmizî,Sıfatü’l-kıyâme","Tirmizî, Sıfatü’l-kıyâme, 17."
hadis,169,kirpilmis_duzeltildi,"Tirmizî,Sıfatü’l-kıy","Tirmizî,Sıfatü’l-kıyâme","Tirmizî, Sıfatü’l-kıyâme, 1."
hadis,170,kirpilmis_duzeltildi,"Tirmizî,Sıfatü’l-kıy","Tirmizî,Sıfatü’l-kıyâme","Tirmizî, Sıfatü’l-kıyâme, 51; Ebû Dâvûd, Edeb, 35."
hadis,171,kirpilmis_duzeltildi,"Tirmizî,Sıfatü’l-kıy","Tirmizî,Sıfatü’l-kıyâme","Tirmizî, Sıfatü’l-kıyâme, 33."
hadis,172,kirpilmis_duzeltildi,"Tirmizî,Sıfatü’l-kıy","Tirmizî,Sıfatü’l-kıyâme","Tirmizî, Sıfatü’l-kıyâme, 2."
hadis,173,kirpilmis_duzeltildi,"Tirmizî,Sıfatü’l-kıy","Tirmizî,Sıfatü’l-kıyâme","Tirmizî, Sıfatü’l-kıyâme, 42."
hadis,174,kirpilmis_duzeltildi,"Tirmizî,Sıfatü’l-kıy","Tirmizî,Sıfatü’l-kıyâme","Tirmizî, Sıfatü’l-kıyâme, 60."
hadis,175,kirpilmis_duzeltildi,"Tirmizî,Sıfatü’l-kıy","Tirmizî,Sıfatü’l-kıyâme","Tirmizî, Sıfatü’l-kıyâme, 33."
hadis,176,kirpilmis_duzeltildi,"Tirmizî,Sıfatü’l-kıy","Tirmizî,Sıfatü’l-kıyâme","Tirmizî, Sıfatü’l-kıyâme, 17."
hadis,177,kirpilmis_duzeltildi,"Tirmizî,Sıfatü’l-kıy","Tirmizî,Sıfatü’l-kıyâme","Tirmizî, Sıfatü’l-kıyâme, 25."
hadis,178,kirpilmis_duzeltildi,"Tirmizî,Sıfatü’l-kıy","Tirmizî,Sıfatü’l-kıyâme","Tirmizî, Sıfatü’l-kıyâme, 1."
hadis,179,kirpilmis_duzeltildi,"Tirmizî,Sıfatü’l-kıy","Tirmizî,Sıfatü’l-kıyâme","Tirmizî, Sıfatü’l-kıyâme, 33."
hadis,180,kirpilmis_duzeltildi,"Tirmizî,Sıfatü’l-kıy","Tirmizî,Sıfatü’l-kıyâme","Tirmizî, Sıfatü’l-kıyâme, 1."
hadis,181,kirpilmis_duzeltildi,"Tirmizî,Sıfatü’l-kıy","Tirmizî,Sıfatü’l-kıyâme","Tirmizî, Sıfatü’l-kıyâme, 59."
hadis,182,kirpilmis_duzeltildi,"Tirmizî,Sıfatü’l-kıy","Tirmizî,Sıfatü’l-kıyâme","Tirmizî, Sıfatü’l-kıyâme, 17."
hadis,183,kirpilmis_duzeltildi,"Tirmizî,Sıfatü’l-kıy","Tirmizî,Sıfatü’l-kıyâme","Tirmizî, Sıfatü’l-kıyâme, 42."
hadis,184,kirpilmis_duzeltildi,"Tirmizî,Sıfatü’l-kıy","Tirmizî,Sıfatü’l-kıyâme","Tirmizî, Sıfatü’l-kıyâme, 17."
hadis,185,kirpilmis_duzeltildi,"Müslim,Sıy","Müslim,Sıyâm","Müslim, Sıyâm, 31."
hadis,186,kirpilmis_duzeltildi,"Müslim,Sıy","Müslim,Sıyâm","Müslim, Sıyâm, 163."
hadis,187,kirpilmis_duzeltildi,"Müslim,Sıy","Müslim,Sıyâm","Müslim, Sıyâm, 203."
hadis,188,kirpilmis_duzeltildi,"Müslim,Sıy","Müslim,Sıyâm","Müslim, Sıyâm, 203."
hadis,189,kirpilmis_duzeltildi,"Müslim,Sıy","Müslim,Sıyâm","Müslim, Sıyâm, 203."
hadis,190,elle_duzeltildi,"Müslim,Sıy","Müslim,Sıyâm","Bölüm adı kırpılmış (Sıy -> Sıyâm). Alıntı atandığı hutbede bulunamadı; kaynak doğru, yalnızca yazım tamamlandı."
hadis,191,kirpilmis_duzeltildi,"Müslim,Sıy","Müslim,Sıyâm","Müslim, Sıyâm, 183."
hadis,192,kirpilmis_duzeltildi,"Müslim,Sıy","Müslim,Sıyâm","Müslim, Sıyâm, 203."
hadis,193,kirpilmis_duzeltildi,"Müslim,Sıy","Müslim,Sıyâm","Müslim, Sıyâm, 183."
hadis,194,kirpilmis_duzeltildi,"Müslim,Sıy","Müslim,Sıyâm","Müslim, Sıyâm, 183."
hadis,195,kirpilmis_duzeltildi,"Müslim,Sıy","Müslim,Sıyâm","Müslim, Sıyâm, 203."
hadis,196,kirpilmis_duzeltildi,"Müslim,Sıy","Müslim,Sıyâm","Müslim, Sıyâm, 183."
hadis,197,kirpilmis_duzeltildi,"Müslim,Sıy","Müslim,Sıyâm","Müslim, Sıyâm, 183."
hadis,198,kirpilmis_duzeltildi,"Müslim,Sıy","Müslim,Sıyâm","Müslim, Sıyâm, 203."
hadis,199,kirpilmis_duzeltildi,"Tirmizî,Men","Tirmizî,Menâkıb","Tirmizi, Menâkıb, 30."
hadis,200,kirpilmis_duzeltildi,"Tirmizî,Men","Tirmizî,Menâkıb","Tirmizî, Menâkıb, 74."
hadis,201,kirpilmis_duzeltildi,"Tirmizî,Men","Tirmizî,Menâkıb","Tirmizi, Menâkıb, 30."
hadis,202,kirpilmis_duzeltildi,"Tirmizî,Men","Tirmizî,Menâkıb","Tirmizî, Menâkıb, 63."
hadis,203,kirpilmis_duzeltildi,"Tirmizî,Men","Tirmizî,Menâkıb","Tirmizî, Menâkıb, 63."
hadis,204,kirpilmis_duzeltildi,"Tirmizî,Men","Tirmizî,Menâkıb","Tirmizî, Menâkıb, 63."
hadis,205,kirpilmis_duzeltildi,"Tirmizî,Men","Tirmizî,Menâkıb","Tirmizî, Menâkıb, 63."
hadis,206,kirpilmis_duzeltildi,"Tirmizî,Men","Tirmizî,Menâkıb","Tirmizî, Menâkıb, 30."
hadis,207,kirpilmis_duzeltildi,"Tirmizî,Men","Tirmizî,Menâkıb","Tirmizî, Menâkıb, 63."
hadis,208,kirpilmis_duzeltildi+tarih_duzeltildi,"Tirmizî,Men","Tirmizî,Menâkıb","Tirmizî, Menâkıb, 63."
hadis,209,kirpilmis_duzeltildi,"Tirmizî,Men","Tirmizî,Menâkıb","Tirmizî, Menâkıb, 63."
hadis,210,kirpilmis_duzeltildi,"Tirmizî,Men","Tirmizî,Menâkıb","Tirmizî, Menâkıb, 30."
hadis,211,kirpilmis_duzeltildi,"Tirmizî,Men","Tirmizî,Menâkıb","Tirmizî, Menâkıb, 63."
hadis,212,kirpilmis_duzeltildi,"Tirmizî,Men","Tirmizî,Menâkıb","Tirmizî, Menâkıb, 63."
hadis,226,kirpilmis_duzeltildi,"Buhârî,Rik","Buhârî,Rikâk","Buhârî, Rikâk, 1."
hadis,227,kirpilmis_duzeltildi,"Buhârî,Rik","Buhârî,Rikâk","Buhârî, Rikâk, 3."
hadis,228,kirpilmis_duzeltildi,"Buhârî,Rik","Buhârî,Rikâk","Buhârî, Rikâk, 1."
hadis,229,kirpilmis_duzeltildi,"Buhârî,Rik","Buhârî,Rikâk","Buhârî, Rikâk, 4."
hadis,230,kirpilmis_duzeltildi,"Buhârî,Rik","Buhârî,Rikâk","Buhârî, Rikâk, 1."
hadis,231,kirpilmis_duzeltildi,"Buhârî,Rik","Buhârî,Rikâk","Buhârî, Rikâk, 38."
hadis,232,kirpilmis_duzeltildi,"Buhârî,Rik","Buhârî,Rikâk","Buhârî, Rikâk, 3."
hadis,233,kirpilmis_duzeltildi,"Buhârî,Rik","Buhârî,Rikâk","Buhârî, Rikâk, 1."
hadis,234,kirpilmis_duzeltildi,"Buhârî,Rik","Buhârî,Rikâk","Buhârî, Rikâk, 3."
hadis,235,kirpilmis_duzeltildi,"Buhârî,Rik","Buhârî,Rikâk","Buhârî, Rikâk, 1."
hadis,236,kirpilmis_duzeltildi,"Buhârî,Rik","Buhârî,Rikâk","Buhârî, Rikâk, 1."
hadis,237,kirpilmis_duzeltildi,"Buhârî,Rik","Buhârî,Rikâk","Buhârî, Rikâk, 1."
hadis,238,kirpilmis_duzeltildi,"Tirmizî,Ed","Tirmizî,Edâhî","Tirmizî, Edâhî, 1."
hadis,239,kirpilmis_duzeltildi+tarih_duzeltildi,"Tirmizî,Ed","Tirmizî,Edâhî","Tirmizî, Edâhî, 1."
hadis,240,kirpilmis_duzeltildi,"Tirmizî,Ed","Tirmizî,Edâhî","Tirmizî, Edâhî, 1."
hadis,241,kirpilmis_duzeltildi,"Tirmizî,Ed","Tirmizî,Edâhî","Tirmizî, Edâhî, 1."
hadis,242,kirpilmis_duzeltildi,"Tirmizî,Ed","Tirmizî,Edâhî","Tirmizî, Edâhî 1."
hadis,243,kirpilmis_duzeltildi,"Tirmizî,Ed","Tirmizî,Edâhî","Tirmizî, Edâhî, 1."
hadis,244,kirpilmis_duzeltildi,"Tirmizî,Ed","Tirmizî,Edâhî","Tirmizî, Edâhî, 1."
hadis,245,kirpilmis_duzeltildi,"Tirmizî,Ed","Tirmizî,Edâhî","Tirmizî, Edâhî, 1."
hadis,246,kirpilmis_duzeltildi,"Tirmizî,Ed","Tirmizî,Edâhî","Tirmizî, Edâhî, 1."
hadis,247,kirpilmis_duzeltildi,"Tirmizî,Ed","Tirmizî,Edâhî","Tirmizî, Edâhî, 1."
hadis,251,tasindi,"Tirmizî,İlim","Hicr,99",tür karışması: diğer dosyaya taşındı
hadis,252,tarih_duzeltildi,"Tirmizî,İlim","Tirmizî,İlim","Tirmizî, İlim, 2."
hadis,258,kirpilmis_duzeltildi,"Müslim,Zühd","Müslim,Zühd ve rekâik","Müslim, Zühd ve rekâik, 64."
hadis,259,kirpilmis_duzeltildi,"Müslim,Zühd","Müslim,Zühd ve rekâik","Müslim, Zühd ve rekâik, 64."
hadis,265,tarih_duzeltildi,"Müslim,Zühd","Müslim,Zühd","Müslim, Zühd, 44."
hadis,267,kirpilmis_duzeltildi,"Tirmizî,Deav","Tirmizî,Deavât","Tirmizî, Deavât, 89."
hadis,268,HATALI,"Tirmizî,Deav","Müslim,İman","Müslim, İman, 57."
hadis,269,HATALI+tarih_duzeltildi,"Tirmizî,Deav","Buhârî,Umre","Buharî, Umre 1."
hadis,270,kirpilmis_duzeltildi,"Tirmizî,Deav","Tirmizî,Deavât","Tirmizî, Deavât, 1."
hadis,271,kirpilmis_duzeltildi,"Tirmizî,Deav","Tirmizî,Deavât","Tirmizî, Deavât, 86."
hadis,272,kirpilmis_duzeltildi,"Tirmizî,Deav","Tirmizî,Deavât","Tirmizî, Deavât, 15."
hadis,273,kirpilmis_duzeltildi,"Tirmizî,Deav","Tirmizî,Deavât","Tirmizî, Deavât, 86."
hadis,274,kirpilmis_duzeltildi,"Tirmizî,Deav","Tirmizî,Deavât","Tirmizî, Deavât, 86."
hadis,275,kirpilmis_duzeltildi,"Tirmizî,Deav","Tirmizî,Deavât","Tirmizî, Deavât, 9."
hadis,276,kirpilmis_duzeltildi,"Tirmizî,Rad","Tirmizî,Radâ’","Tirmizî, Radâ’, 11."
hadis,277,kirpilmis_duzeltildi,"Tirmizî,Rad","Tirmizî,Radâ","Tirmizi, Radâ, 11."
hadis,278,kirpilmis_duzeltildi,"Tirmizî,Rad","Tirmizî,Radâ’","Tirmizî, Radâ’, 11."
hadis,279,tasindi,"Tirmizî,Rad","Mutaffifin,1",tür karışması: diğer dosyaya taşındı
hadis,280,kirpilmis_duzeltildi+tarih_duzeltildi,"Tirmizî,Rad","Tirmizî,Radâ","Tirmizî, Radâ, 11."
hadis,281,kirpilmis_duzeltildi+tarih_duzeltildi,"Tirmizî,Rad","Tirmizî,Radâ","Tirmizî, Radâ, 11."
hadis,282,kirpilmis_duzeltildi,"Tirmizî,Rad","Tirmizî,Radâ","Tirmizî, Radâ, 11."
hadis,283,kirpilmis_duzeltildi,"Tirmizî,Rad","Tirmizî,Radâ","Tirmizî, Radâ, 11."
hadis,284,kirpilmis_duzeltildi,"Tirmizî,Rad","Tirmizî,Radâ","Tirmizî, Radâ, 11."
hadis,285,kirpilmis_duzeltildi,"İbn Mâce,Nik","İbn Mâce,Nikâh","İbn Mâce, Nikâh, 50."
hadis,286,kirpilmis_duzeltildi,"İbn Mâce,Nik","İbn Mâce,Nikâh","İbn Mâce, Nikâh, 46."
hadis,287,kirpilmis_duzeltildi,"İbn Mâce,Nik","İbn Mâce,Nikâh","İbn Mâce, Nikâh, 50."
hadis,288,kirpilmis_duzeltildi,"İbn Mâce,Nik","İbn Mâce,Nikâh","İbn Mâce, Nikâh, 1."
hadis,289,kirpilmis_duzeltildi+tarih_duzeltildi,"İbn Mâce,Nik","İbn Mâce,Nikâh","İbn Mâce, Nikâh, 1."
hadis,290,kirpilmis_duzeltildi,"İbn Mâce,Nik","İbn Mâce,Nikâh","İbn Mâce, Nikâh, 1."
hadis,291,kirpilmis_duzeltildi,"İbn Mâce,Nik","İbn Mâce,Nikâh","İbn Mâce, Nikâh, 1."
hadis,292,kirpilmis_duzeltildi,"İbn Mâce,Nik","İbn Mâce,Nikâh","İbn Mâce, Nikâh, 1."
hadis,293,kirpilmis_duzeltildi,"İbn Mâce,Nik","İbn Mâce,Nikâh","İbn Mâce, Nikâh, 50."
hadis,294,kirpilmis_duzeltildi,"Buhârî,Nik","Buhârî,Nikâh","Buhârî, Nikâh, 81."
hadis,295,kirpilmis_duzeltildi,"Buhârî,Nik","Buhârî,Nikâh","Buhârî, Nikâh, 42."
hadis,296,kirpilmis_duzeltildi,"Buhârî,Nik","Buhârî,Nikâh","Buhârî, Nikâh, 69."
hadis,297,kirpilmis_duzeltildi,"Buhârî,Nik","Buhârî,Nikâh","Buhârî, Nikâh, 3, Müslîm, Nikâh, 1."
hadis,298,kirpilmis_duzeltildi,"Buhârî,Nik","Buhârî,Nikâh","Buhârî, Nikâh, 3, Müslîm, Nikâh, 1."
hadis,299,kirpilmis_duzeltildi,"Buhârî,Nik","Buhârî,Nikâh","Buhârî, Nikâh, 3."
hadis,300,kirpilmis_duzeltildi,"Buhârî,Nik","Buhârî,Nikâh","Buhârî, Nikâh, 3."
hadis,301,kirpilmis_duzeltildi,"Buhârî,Nik","Buhârî,Nikâh","Buhârî, Nikâh, 3; Müslim, Nikâh, 1."
hadis,306,sil,"Müslim,İman",,"Alıntı hadis değil: 17.09.2021 hutbesinde açıkça ""Ahilik Müessesesi'nin şu öğütleri"" diye tanıtılan Ahi nasihatleri (""Eline, diline, beline sahip ol"")."
hadis,317,kirpilmis_duzeltildi,"Buhârî,İm","Buhârî,İmân","Buhârî, İmân, 5."
hadis,318,kirpilmis_duzeltildi,"Buhârî,İm","Buhârî,İmân","Buhârî, İmân, 7."
hadis,319,kirpilmis_duzeltildi,"Buhârî,İm","Buhârî,İmân","Buhârî, İmân, 7."
hadis,320,kirpilmis_duzeltildi,"Buhârî,İm","Buhârî,İmân","Buhari, İmân, 39."
hadis,321,kirpilmis_duzeltildi,"Buhârî,İm","Buhârî,İmân","Buhârî, İmân, 7."
hadis,322,kirpilmis_duzeltildi,"Buhârî,İm","Buhârî,İmân","Buhârî, İmân, 7."
hadis,323,kirpilmis_duzeltildi,"Müslim,Zek","Müslim,Zekât","Müslim, Zekât, 19"
hadis,324,kirpilmis_duzeltildi,"Müslim,Zek","Müslim,Zekât","Müslim, Zekât, 19"
hadis,325,kirpilmis_duzeltildi,"Müslim,Zek","Müslim,Zekât","Müslim, Zekât, 65; Tirmizî,Tefsîru’l-Kur’ân, 2."
hadis,326,kirpilmis_duzeltildi,"Müslim,Zek","Müslim,Zekât","Müslim, Zekât, 36."
hadis,327,kirpilmis_duzeltildi,"Müslim,Zek","Müslim,Zekât","Müslim, Zekât, 124."
hadis,328,kirpilmis_duzeltildi,"Müslim,Zek","Müslim,Zekât","Müslim, Zekât, 36."
hadis,331,tasindi,"İbn Mâce,Sunne","Al-i İmran,147",tür karışması: diğer dosyaya taşındı
hadis,332,tarih_duzeltildi,"İbn Mâce,Sunne","İbn Mâce,Sunne","İbn Mâce, Sunne, 23."
hadis,335,kirpilmis_duzeltildi,"İbn Mâce,İk","İbn Mâce,İkâmet","İbn Mâce, İkâmet, 93."
hadis,336,kirpilmis_duzeltildi,"İbn Mâce,İk","İbn Mâce,İkâme","İbn Mâce, İkâme, 196; Ebû Dâvûd, Salat, 14."
hadis,337,kirpilmis_duzeltildi,"İbn Mâce,İk","İbn Mâce,İkâmet","İbn Mâce, İkâmet, 93."
hadis,338,kirpilmis_duzeltildi,"İbn Mâce,İk","İbn Mâce,İkâmet","İbn Mâce, İkâmet, 93."
hadis,339,kirpilmis_duzeltildi,"İbn Mâce,İk","İbn Mâce,İkâmet","İbn Mâce, İkâmet, 191."
hadis,340,kirpilmis_duzeltildi,"İbn Mâce,İk","İbn Mâce,İkâmet","İbn Mâce, İkâmet, 93."
hadis,341,kirpilmis_duzeltildi,"Buhârî,Sal","Buhârî,Salât","Buhârî, Salât, 88; Müslim, Birr ve Sıla, 65."
hadis,342,kirpilmis_duzeltildi,"Buhârî,Sal","Buhârî,Salât","Buhârî, Salât, 56."
hadis,343,kirpilmis_duzeltildi,"Buhârî,Sal","Buhârî,Salât","Buhârî, Salât, 88; Müslim, Birr ve Sıla, 65."
hadis,344,kirpilmis_duzeltildi,"Buhârî,Sal","Buhârî,Salât","Buhârî, Salât, 88."
hadis,345,kirpilmis_duzeltildi,"Buhârî,Sal","Buhârî,Salât","Buhârî, Salât, 88."
hadis,346,kirpilmis_duzeltildi,"Buhârî,Tal","Buhârî,Talâk","Buhârî, Talâk, 25."
hadis,347,kirpilmis_duzeltildi,"Buhârî,Tal","Buhârî,Talâk","Buhârî, Talâk, 25."
hadis,348,kirpilmis_duzeltildi,"Buhârî,Tal","Buhârî,Talâk","Buhârî, Talâk, 25."
hadis,349,kirpilmis_duzeltildi,"Buhârî,Tal","Buhârî,Talâk","Buhârî, Talâk, 25."
hadis,350,kirpilmis_duzeltildi,"Buhârî,Tal","Buhârî,Talâk","Buhârî, Talâk, 25."
hadis,351,kirpilmis_duzeltildi,"Buhârî,Tefs","Buhârî,Tefsîr","Buhârî, Tefsîr, Şu’arâ, 2; Müslim, Îmân, 355."
hadis,352,kirpilmis_duzeltildi,"Buhârî,Tefs","Buhârî,Tefsîr","Buhârî, Tefsîr, Şu’arâ, 2; Müslim, Îmân, 355."
hadis,353,kirpilmis_duzeltildi,"Buhârî,Tefs","Buhârî,Tefsîr","Buhârî, Tefsîr, 74 (1-5); Müddessir, 74/1-5."
hadis,354,kirpilmis_duzeltildi,"Buhârî,Tefs","Buhârî,Tefsîr","Buhârî, Tefsîr, (Fâtiha), 1."
hadis,355,kirpilmis_duzeltildi,"Buhârî,Tefs","Buhârî,Tefsîr","Buhârî, Tefsîr, Şu’arâ, 2; Müslim, Îmân, 355."
hadis,356,kirpilmis_duzeltildi,"Buhârî,Zek","Buhârî,Zekât","Buhârî, Zekât, 30; Müslim, Zekât, 55."
hadis,357,kirpilmis_duzeltildi,"Buhârî,Zek","Buhârî,Zekât","Buhârî, Zekât, 10."
hadis,358,kirpilmis_duzeltildi,"Buhârî,Zek","Buhârî,Zekât","Buhârî, Zekât, 63; Müslim, Îmân, 29"
hadis,359,elle_duzeltildi,"Buhârî,Zek","Buhârî,Zekât","Bölüm adı kırpılmış (Zek -> Zekât). Alıntı atandığı hutbede bulunamadı; kaynak doğru, yalnızca yazım tamamlandı."
hadis,360,kirpilmis_duzeltildi,"Buhârî,Zek","Buhârî,Zekât","Buhârî, Zekât, 63."
hadis,366,kirpilmis_duzeltildi,"Ebû Dâvûd,Zek","Ebû Dâvûd,Zekât","Ebû Dâvûd, Zekât, 38."
hadis,367,kirpilmis_duzeltildi,"Ebû Dâvûd,Zek","Ebû Dâvûd,Zekât","Ebû Dâvûd, Zekât, 38."
hadis,368,kirpilmis_duzeltildi,"Ebû Dâvûd,Zek","Ebû Dâvûd,Zekât","Ebû Dâvûd, Zekât, 32."
hadis,369,kirpilmis_duzeltildi,"Ebû Dâvûd,Zek","Ebû Dâvûd,Zekât","Ebû Dâvûd, Zekât, 32."
hadis,370,kirpilmis_duzeltildi,"Ebû Dâvûd,Zek","Ebû Dâvûd,Zekât","Ebû Dâvûd, Zekât, 45."
hadis,371,kirpilmis_duzeltildi,"Tirmizî,Diy","Tirmizî,Diyât","Tirmizî, Diyât, 7."
hadis,372,kirpilmis_duzeltildi,"Tirmizî,Diy","Tirmizî,Diyât","Tirmizî, Diyât, 14."
hadis,373,kirpilmis_duzeltildi,"Tirmizî,Diy","Tirmizî,Diyât","Tirmizî, Diyât, 14."
hadis,374,kirpilmis_duzeltildi,"Tirmizî,Diy","Tirmizî,Diyât","Tirmizî, Diyât, 14."
hadis,375,kirpilmis_duzeltildi,"Tirmizî,Diy","Tirmizî,Diyât","Tirmizî, Diyât, 14."
hadis,386,cilt_temizlendi,"Ahmed b. Hanbel,II","Ahmed b. Hanbel,","Ahmed b. Hanbel, II, 400."
hadis,387,cilt_temizlendi,"Ahmed b. Hanbel,II","Ahmed b. Hanbel,","Ahmed b. Hanbel, II, 312."
hadis,388,cilt_temizlendi,"Ahmed b. Hanbel,II","Ahmed b. Hanbel,","Ahmed b. Hanbel, II, 42, 154."
hadis,389,cilt_temizlendi,"Ahmed b. Hanbel,II","Ahmed b. Hanbel,","Ahmed b. Hanbel, II, 316, 350."
hadis,390,kirpilmis_duzeltildi,"Beyhakî,Şüabü’l-","Beyhakî,Şüabü’l-îmân","Beyhakî, Şüabü’l-îmân, 4/334."
hadis,391,kirpilmis_duzeltildi,"Beyhakî,Şüabü’l-","Beyhakî,Şüabü’l-îmân","Beyhakî, Şüabü’l-îmân, 4/334."
hadis,392,kirpilmis_duzeltildi,"Beyhakî,Şüabü’l-","Beyhakî,Şüabü’l-îmân","Beyhakî, Şüabü’l-îmân, 4/334."
hadis,393,kirpilmis_duzeltildi,"Beyhakî,Şüabü’l-","Beyhakî,Şüabü’l-îmân","Beyhakî, Şüabü’l-îmân, 4/334."
hadis,394,kirpilmis_duzeltildi,"Buhârî,Cen","Buhârî,Cenâiz","Buhârî, Cenâiz, 31."
hadis,395,kirpilmis_duzeltildi,"Buhârî,Cen","Buhârî,Cenâiz","Buhârî, Cenâiz, 43."
hadis,396,kirpilmis_duzeltildi,"Buhârî,Cen","Buhârî,Cenâiz","Buhârî, Cenâiz,31."
hadis,397,kirpilmis_duzeltildi,"Buhârî,Cen","Buhârî,Cenâiz","Buhârî, Cenâiz, 36; Müslim, Zekât, 48."
hadis,398,kirpilmis_duzeltildi,"Buhârî,Lib","Buhârî,Libâs","Buhârî, Libâs, 1; Nesâî, Zekât, 66."
hadis,399,kirpilmis_duzeltildi,"Buhârî,Lib","Buhârî,Libâs","Buhârî, Libâs, 43."
hadis,400,kirpilmis_duzeltildi,"Buhârî,Lib","Buhârî,Libâs","Buhârî, Libâs, 1; Nesâî, Zekât, 66."
hadis,401,kirpilmis_duzeltildi,"Buhârî,Lib","Buhârî,Libâs","Buhârî, Libâs, 1; Nesâî, Zekât, 66."
hadis,402,kirpilmis_duzeltildi,"Buhârî,Mez","Buhârî,Mezâlim","Buhârî, Mezâlim, 3; Müslim, Birr, 58; Tirmizî, Birr, 18."
hadis,403,kirpilmis_duzeltildi,"Buhârî,Mez","Buhârî,Mezâlim","Buhârî, Mezâlim, 34."
hadis,404,kirpilmis_duzeltildi,"Buhârî,Mez","Buhârî,Mezâlim","Buhârî, Mezâlim, 8."
hadis,405,kirpilmis_duzeltildi,"Buhârî,Mez","Buhârî,Mezâlim","Buhârî, Mezâlim, 8."
hadis,410,kirpilmis_duzeltildi,"Buhârî,Tevh","Buhârî,Tevhîd","Buhârî, Tevhîd, 31."
hadis,411,kirpilmis_duzeltildi,"Buhârî,Tevh","Buhârî,Tevhîd","Buhârî, Tevhîd, 15."
hadis,412,kirpilmis_duzeltildi,"Buhârî,Tevh","Buhârî,Tevhîd","Buhârî, Tevhîd, 15; Müslim, Zikir, 21."
hadis,413,kirpilmis_duzeltildi,"Buhârî,Tevh","Buhârî,Tevhîd","Buhârî, Tevhîd, 48."
hadis,422,kirpilmis_duzeltildi,"Müslim,Tah","Müslim,Tahâret","Müslim, Tahâret, 1."
hadis,423,kirpilmis_duzeltildi,"Müslim,Tah","Müslim,Tahâret","Müslim, Tahâret, 1."
hadis,424,kirpilmis_duzeltildi,"Müslim,Tah","Müslim,Tahâret","Müslim, Tahâret, 33."
hadis,425,kirpilmis_duzeltildi,"Müslim,Tah","Müslim,Tahâret","Müslim, Tahâret, 1."
hadis,430,kirpilmis_duzeltildi,"Tirmizî,Büy","Tirmizî,Büyû’","Tirmizî, Büyû’, 4."
hadis,431,kirpilmis_duzeltildi,"Tirmizî,Büy","Tirmizî,Büyû’","Tirmizî, Büyû’, 4."
hadis,432,kirpilmis_duzeltildi,"Tirmizî,Büy","Tirmizî,Büyû’","Tirmizî, Büyû’, 4."
hadis,433,kirpilmis_duzeltildi,"Tirmizî,Büy","Tirmizî,Büyû’","Tirmizî, Büyû’, 4."
hadis,442,kirpilmis_duzeltildi,"Tirmizî,Tah","Tirmizî,Tahâret","Tirmizî, Tahâret, 1."
hadis,443,kirpilmis_duzeltildi,"Tirmizî,Tah","Tirmizî,Tahâret","Tirmizî, Tahâret, 1."
hadis,444,kirpilmis_duzeltildi,"Tirmizî,Tah","Tirmizî,Tahâret","Tirmizî, Tahâret, 1."
hadis,445,kirpilmis_duzeltildi,"Tirmizî,Tah","Tirmizî,Tahâret","Tirmizî, Tahâret, 1."
hadis,450,kirpilmis_duzeltildi,"İbn Mâce,Rüh","İbn Mâce,Rühûn","İbn Mace, Rühûn, 4."
hadis,451,kirpilmis_duzeltildi,"İbn Mâce,Rüh","İbn Mâce,Rühûn","İbn Mâce, Rühûn, 4."
hadis,452,kirpilmis_duzeltildi,"İbn Mâce,Rüh","İbn Mâce,Rühûn","İbn Mâce, Rühûn, 4."
hadis,453,kirpilmis_duzeltildi,"İbn Mâce,Rüh","İbn Mâce,Rühûn","İbn Mâce, Rühûn, 4."
hadis,454,kirpilmis_duzeltildi,"Buhârî,Cih","Buhârî,Cihâd","Buhârî, Cihâd, 62."
hadis,455,kirpilmis_duzeltildi,"Buhârî,Cih","Buhârî,Cihâd","Buhârî, Cihâd, 21."
hadis,456,kirpilmis_duzeltildi,"Buhârî,Cih","Buhârî,Cihâd","Buhârî, Cihâd, 128."
hadis,457,kirpilmis_duzeltildi,"Buhârî,Enbiy","Buhârî,Enbiyâ","Buhârî, Enbiyâ, 48."
hadis,458,kirpilmis_duzeltildi,"Buhârî,Enbiy","Buhârî,Enbiyâ","Buhari, Enbiyâ, 48."
hadis,459,kirpilmis_duzeltildi,"Buhârî,Enbiy","Buhârî,Enbiyâ","Buhârî, Enbiyâ, 50."
hadis,460,kirpilmis_duzeltildi,"Buhârî,Meg","Buhârî,Megâzî","Buhârî, Megâzî, 49."
hadis,461,kirpilmis_duzeltildi,"Buhârî,Meg","Buhârî,Megâzî","Buhârî, Megâzî, 61."
hadis,462,kirpilmis_duzeltildi,"Buhârî,Meg","Buhârî,Megâzî","Buhârî, Megâzî, 82."
hadis,463,kirpilmis_duzeltildi,"Ebû Dâvûd,Lib","Ebû Dâvûd,Libâs","Ebû Dâvûd, Libâs, 14."
hadis,464,kirpilmis_duzeltildi,"Ebû Dâvûd,Lib","Ebû Dâvûd,Libâs","Ebû Dâvûd, Libâs, 4."
hadis,465,kirpilmis_duzeltildi,"Ebû Dâvûd,Lib","Ebû Dâvûd,Libâs","Ebû Dâvûd, Libâs, 4."
hadis,466,kirpilmis_duzeltildi,"Ebû Dâvûd,Sal","Ebû Dâvûd,Salât","Ebû Dâvûd, Salât, 26."
hadis,467,kirpilmis_duzeltildi,"Ebû Dâvûd,Sal","Ebû Dâvûd,Salât","Ebû Dâvûd, Salât, 26."
hadis,468,kirpilmis_duzeltildi,"Ebû Dâvûd,Sal","Ebû Dâvûd,Salât","Ebû Dâvûd, Salât, 26."
hadis,474,yazim_farki,"Hakim,Müstedrek","Hakim,el-Müstedrek","Hakim, el-Müstedrek, IV, 341."
hadis,478,kirpilmis_duzeltildi,"Müslim,Fed","Müslim,Fedâilü’s-Sahâbe","Müslim, Fedâilü’s-Sahâbe, 12."
hadis,479,kirpilmis_duzeltildi,"Müslim,Fed","Müslim,Fedâil","Müslim, Fedâil, 62."
hadis,480,kirpilmis_duzeltildi,"Müslim,Fed","Müslim,Fedâilü’s-sahâbe","Müslim, Fedâilü’s-sahâbe, 75."
hadis,482,tarih_duzeltildi,"Müslim,Hac","Müslim,Hac","Müslim, Hac, 147."
hadis,484,kirpilmis_duzeltildi,"Müslim,Mes","Müslim,Mesâcid","Müslim, Mesâcid, 283."
hadis,485,kirpilmis_duzeltildi,"Müslim,Mes","Müslim,Mesâcid","Müslim, Mesâcid, 288."
hadis,486,kirpilmis_duzeltildi,"Müslim,Mes","Müslim,Mesâcid","Müslim, Mesâcid, 57; İbn Mâce, Edeb, 7."
hadis,487,kirpilmis_duzeltildi,"Müslim,Nik","Müslim,Nikâh","Müslim, Nikâh, 1."
hadis,488,kirpilmis_duzeltildi,"Müslim,Nik","Müslim,Nikâh","Müslim, Nikâh, 79."
hadis,489,kirpilmis_duzeltildi,"Müslim,Nik","Müslim,Nikâh","Müslim, Nikâh, 124."
hadis,490,HATALI+tarih_duzeltildi,"Müslim,Sal","Buhârî,Mezâlim","Buhârî, Mezâlim, 8; Müslim, Birr, 57."
hadis,491,tasindi,"Müslim,Sal","Nisa,93",tür karışması: diğer dosyaya taşındı
hadis,492,kirpilmis_duzeltildi,"Müslim,Sal","Müslim,Salât","Müslim, Salât, 38."
hadis,496,eksik_tamamlandi,"Tirmizî,-","Tirmizî,Îmân","Tirmizî, Îmân, 8; İbn Mâce, Mesâcid, 19."
hadis,497,eksik_tamamlandi,"Tirmizî,-","Tirmizî,Îmân","Tirmizî, Îmân, 8."
hadis,498,eksik_tamamlandi,"Tirmizî,-","Tirmizî,Îmân","Tirmizî, Îmân, 8."
hadis,499,HATALI,"Tirmizî,Kıraat","İbn Mâce,Nikah","İbn Mâce, Nikah, 50."
hadis,500,HATALI+tarih_duzeltildi,"Tirmizî,Kıraat","Tirmizî,Zühd","Tirmizî, Zühd, 11."
hadis,501,elle_duzeltildi,"Tirmizî,Kıraat","İbn Mâce,İkâmetü’s-Salavât","Berat gecesi hadisi. Alıntı 29.05.2015 'TEVBEMİZ BERATIMIZ OLSUN' hutbesine ait; o hutbenin 2 nolu dipnotu: ""İbn Mâce, İkâmetü’s-Salavât, 191"". Eski değer (Tirmizî, Kıraat) yanlış, tarih de yanlıştı."
hadis,505,kirpilmis_duzeltildi,"Tirmizî,Sıf","Tirmizî,Sıfâtü’l-kıyâme","Tirmizî, Sıfâtü’l-kıyâme, 42."
hadis,506,kirpilmis_duzeltildi,"Tirmizî,Sıf","Tirmizî,Sıfâtü’l-kıyâme","Tirmizî, Sıfâtü’l-kıyâme, 1."
hadis,507,kirpilmis_duzeltildi,"Tirmizî,Sıf","Tirmizî,Sıfâtü’l-kıyâme","Tirmizî, Sıfâtü’l-kıyâme, 17."
hadis,508,kirpilmis_duzeltildi,"İbn Mâce,Ahk","İbn Mâce,Ahkâm","İbn Mâce, Ahkâm, 17."
hadis,509,tasindi,"İbn Mâce,Ahk","Taha,132",tür karışması: diğer dosyaya taşındı
hadis,510,kirpilmis_duzeltildi+tarih_duzeltildi,"İbn Mâce,Ahk","İbn Mâce,Ahkâm","İbn Mâce, Ahkâm, 17."
hadis,511,kirpilmis_duzeltildi,"İbn Mâce,Tah","İbn Mâce,Tahâret","İbn Mâce, Tahâret, 48."
hadis,512,kirpilmis_duzeltildi,"İbn Mâce,Tah","İbn Mâce,Tahâret","İbn Mâce, Tahâret, 16."
hadis,513,kirpilmis_duzeltildi,"İbn Mâce,Tah","İbn Mâce,Tahâret","İbn Mâce, Tahâret, 48."
hadis,514,cilt_temizlendi,"Ahmed b. Hanbel,IV","Ahmed b. Hanbel,","Ahmed b. Hanbel, IV, 121; V, 154; VI, 362."
hadis,515,cilt_temizlendi,"Ahmed b. Hanbel,IV","Ahmed b. Hanbel,","Ahmed b. Hanbel, IV, 151."
hadis,516,kirpilmis_duzeltildi,"Beyhakî,Şuabü’l-","Beyhakî,Şuabü’l-îmân","Beyhakî, Şuabü’l-îmân, 3, 39."
hadis,517,kirpilmis_duzeltildi,"Beyhakî,Şuabü’l-","Beyhakî,Şuabü’l-îmân","Beyhakî, Şuabü’l-îmân, 3, 39."
hadis,518,kirpilmis_duzeltildi,"Buhârî,Büy","Buhârî,Büyû’","Buhârî, Büyû’, 15."
hadis,519,kirpilmis_duzeltildi,"Buhârî,Büy","Buhârî,Büyû’","Buhârî, Büyû’, 23."
hadis,520,kirpilmis_duzeltildi,"Buhârî,Ez","Buhârî,Ezân","Buhârî, Ezân, 30."
hadis,521,kirpilmis_duzeltildi,"Buhârî,Ez","Buhârî,Ezân","Buhârî, Ezân, 9."
hadis,522,kirpilmis_duzeltildi,"Buhârî,Mev","Buhârî,Mevâkîtü’s-salât","Buhârî, Mevâkîtü’s-salât, 6."
hadis,523,kirpilmis_duzeltildi,"Buhârî,Mev","Buhârî,Mevâkîtü's-salât","Buhârî, Mevâkîtü's-salât, 14."
hadis,524,HATALI,"Buhârî,Zekat","İbn Mâce,Ticaret","İbn Mâce, Ticaret, 45."
hadis,525,tarih_duzeltildi,"Buhârî,Zekat","Buhârî,Zekat","Buhari Zekat, 10."
hadis,528,kirpilmis_duzeltildi,"Ebû Dâvûd,Büy","Ebû Dâvûd,Büyû’","Ebû Dâvûd, Büyû’, (İcâre), 76."
hadis,529,kirpilmis_duzeltildi,"Ebû Dâvûd,Büy","Ebû Dâvûd,Büyû’ (İcâre)","Ebû Dâvûd, Büyû’ (İcâre), 83."
hadis,530,kirpilmis_duzeltildi,"Ebû Dâvûd,Cen","Ebû Dâvûd,Cenâiz","Ebû Dâvûd, Cenâiz, 54, 56; İbn Mâce, Cenâiz, 23."
hadis,531,kirpilmis_duzeltildi,"Ebû Dâvûd,Cen","Ebû Dâvûd,Cenâiz","Ebû Dâvûd, Cenâiz, 6."
hadis,532,kirpilmis_duzeltildi,"Ebû Dâvûd,Cih","Ebû Dâvûd,Cihâd","Ebû Dâvûd, Cihâd, 31."
hadis,533,kirpilmis_duzeltildi,"Ebû Dâvûd,Cih","Ebû Dâvûd,Cihâd","Ebû Dâvûd, Cihâd, 31."
hadis,534,kirpilmis_duzeltildi,"Ebû Dâvûd,Kad","Ebû Dâvûd,Kadâ’ (Akdiye)","Ebû Dâvûd, Kadâ’ (Akdiye), 31."
hadis,535,kirpilmis_duzeltildi,"Ebû Dâvûd,Kad","Ebû Dâvûd,Kadâ’ (Akdiye)","Ebû Dâvûd, Kadâ’ (Akdiye), 31."
hadis,536,kirpilmis_duzeltildi,"Ebû Dâvûd,Tah","Ebû Dâvûd,Tahâret","Ebû Dâvûd, Tahâret, 94."
hadis,537,kirpilmis_duzeltildi+tarih_duzeltildi,"Ebû Dâvûd,Tah","Ebû Dâvûd,Tahâret","Ebû Dâvûd, Tahâret, 94."
hadis,538,HATALI,"Ebû Dâvûd,İlim","Hakim,el-Müstederek","Hakim el-Müstederek, II, 670."
hadis,539,tasindi,"Ebû Dâvûd,İlim","Al-i İmran,139",tür karışması: diğer dosyaya taşındı
hadis,540,eksik_tamamlandi,"Muvatta,-","Muvatta,İ’tikâf","Muvatta’, İ’tikâf, 6."
hadis,541,eksik_tamamlandi,"Muvatta,-","Muvatta,Hüsnü’l-hulk","Muvatta’, Hüsnü’l-hulk, 4."
hadis,546,kirpilmis_duzeltildi,"Müslim,Müs","Müslim,Müsâkât","Müslim, Müsâkât, 141."
hadis,547,kirpilmis_duzeltildi,"Müslim,Müs","Müslim,Müsâkât","Müslim, Müsâkât, 137."
hadis,548,HATALI,"Müslim,İmare","Nesâi,Gusül ve Teyemmüm","Nesâî, Gusül ve Teyemmüm, 7."
hadis,549,tarih_duzeltildi,"Müslim,İmare","Müslim,İmare","Müslim, İmare, 57"
hadis,550,kirpilmis_duzeltildi,"Tirmizî,Daav","Tirmizî,Daavât","Tirmizî, Daavât, 1."
hadis,551,kirpilmis_duzeltildi,"Tirmizî,Daav","Tirmizî,Daavât","Tirmizî, Daavât, 74; Ebû Dâvûd, Vitir, 32."
hadis,552,kirpilmis_duzeltildi,"Tirmizî,Fed","Tirmizî,Fedâilü’l-cihâd","Tirmizî, Fedâilü’l-cihâd, 2; İbn Hanbel, VI, 22."
hadis,553,kirpilmis_duzeltildi,"Tirmizî,Fed","Tirmizî,Fedâilü’l-cihâd","Tirmizî, Fedâilü’l-cihâd, 12."
hadis,554,kirpilmis_duzeltildi,"Tirmizî,Sıfatü’l-Kıy","Tirmizî,Sıfatü’l-Kıyâme","Tirmizî, Sıfatü’l-Kıyâme, 1."
hadis,555,kirpilmis_duzeltildi,"Tirmizî,Sıfatü’l-Kıy","Tirmizî,Sıfatü’l-Kıyâme","Tirmizî, Sıfatü’l-Kıyâme, 42."
hadis,556,kirpilmis_duzeltildi,"Tirmizî,Tefs","Tirmizî,Tefsîru’l-Kur’ân","Tirmizî, Tefsîru’l-Kur’ân, 49."
hadis,557,kirpilmis_duzeltildi,"Tirmizî,Tefs","Tirmizî,Tefsîru’l-Kur’ân","Tirmizî, Tefsîru’l-Kur’ân, 83."
hadis,558,kirpilmis_duzeltildi,"Tirmizî,İm","Tirmizî,İmân","Tirmizî, İmân, 12."
hadis,559,kirpilmis_duzeltildi,"Tirmizî,İm","Tirmizî,İmân","Tirmizî, İmân, 12."
hadis,564,HATALI,"İbn Mâce,Mukaddime","Ahmed b. Hanbel,","İbn Hanbel, II, 381; Muvatta, Hüsnü’l Hulk, 1."
hadis,565,tarih_duzeltildi,"İbn Mâce,Mukaddime","İbn Mâce,Mukaddime","İbn Mâce, Mukaddime, 43."
hadis,568,eksik_tamamlandi,"Ahmed b. Hanbel,-","Ahmed b. Hanbel,","İbn Hanbel, II, 40."
hadis,570,cilt_temizlendi,"Ahmed b. Hanbel,V","Ahmed b. Hanbel,","Ahmed b. Hanbel, V, 411."
hadis,571,cilt_temizlendi,"Ahmed b. Hanbel,XI","Ahmed b. Hanbel,","Ahmed b. Hanbel, XI, 658."
hadis,572,eksik_tamamlandi,"Beyhakî,-","Beyhakî,es-Sünenü’l-kübrâ","Beyhakî, es-Sünenü’l-kübrâ, X, 7."
hadis,573,kirpilmis_duzeltildi,"Buhârî,Bed","Buhârî,Bedʾü’l-vahy","Buhârî, Bedʾü’l-vahy, 3; Müslim, Îmân, 252."
hadis,579,kirpilmis_duzeltildi,"Buhârî,Deav","Buhârî,Deavât","Buhârî, Deavât, 66."
hadis,581,kirpilmis_duzeltildi,"Buhârî,Eh","Buhârî,Ehâdîsü’l-Enbiyâ","Buhârî, Ehâdîsü’l-Enbiyâ, 54."
hadis,583,kirpilmis_duzeltildi,"Buhârî,Fadlü’s-sal","Buhârî,Fadlü’s-salât","Buhârî, Fadlü’s-salât, 1."
hadis,584,kirpilmis_duzeltildi,"Buhârî,Fer","Buhârî,Ferâiz","Buhârî, Ferâiz, 25."
hadis,586,kirpilmis_duzeltildi,"Buhârî,Merd","Buhârî,Merdâ","Buhârî, Merdâ, 1."
hadis,587,kirpilmis_duzeltildi,"Buhârî,Meğ","Buhârî,Meğâzî","Buhârî, Meğâzî, 12; Müslim, Zühd, 6."
hadis,589,kirpilmis_duzeltildi,"Buhârî,Müs","Buhârî,Müsâkât","Buhârî, Müsâkât, 9."
hadis,595,kirpilmis_duzeltildi,"Buhârî,İstikr","Buhârî,İstikrâz","Buhârî, İstikrâz, 20."
hadis,596,kirpilmis_duzeltildi,"Dârimî,Büy","Dârimî,Büyû’","Dârimî, Büyû’, 2."
hadis,597,kirpilmis_duzeltildi,"Ebû Dâvûd,Fiten","Ebû Dâvûd,Fiten ve Melâhim","Ebû Dâvûd, Fiten ve Melâhim, 2."
hadis,598,kirpilmis_duzeltildi,"Ebû Dâvûd,Mel","Ebû Dâvûd,Melâhim","Ebû Dâvûd, Melâhim, 5; İbn Hanbel, V, 278."
hadis,599,kirpilmis_duzeltildi,"Ebû Dâvûd,Nik","Ebû Dâvûd,Nikâh","Ebû Dâvûd, Nikâh, 30-31."
hadis,601,kirpilmis_duzeltildi,"Heysemî,Mecmeu’z-zev","Heysemî,Mecmeu’z-zevâid","Heysemî, Mecmeu’z-zevâid, III, 344."
hadis,603,tasindi,"Müslim,Eym","Mü'minun,1",tür karışması: diğer dosyaya taşındı
hadis,604,kirpilmis_duzeltildi,"Müslim,Kit","Müslim,Kitâbü’l-Fedâil","Müslim, Kitâbü’l-Fedâil, 126, Tirmizî, Şemâil, 167."
hadis,605,kirpilmis_duzeltildi,"Müslim,Rad","Müslim,Radâ’","Müslim, Radâ’, 61."
hadis,607,kirpilmis_duzeltildi,"Müslim,Sıf","Müslim,Sıfâtü’l-münâfikîn","Müslim, Sıfâtü’l-münâfikîn, 81."
hadis,611,kirpilmis_duzeltildi,"Müslim,İm","Müslim,İmân","Müslim, İmân, 22."
hadis,612,kirpilmis_duzeltildi,"Nesâi,Dah","Nesâi,Dahâyâ","Nesâi, Dahâyâ, 42"
hadis,614,tasindi,"Nesâi,İman","Al-i İmran,92",tür karışması: diğer dosyaya taşındı
hadis,615,yazim_farki,"Taberânî,Mu’cem","Taberânî,el-Mu’cemû’l-evsat","Taberânî, el-Mu’cemû’l-evsat, VII, 56."
hadis,616,yazim_farki,"Taberânî,Mu’cemu’l-evsat","Taberânî,el-Mu’cemu’l-evsat","Taberânî, el-Mu’cemu’l-evsat, V, 270."
hadis,617,yazim_farki,"Taberânî,Mu’cemü’l-evsat","Taberânî,el-Mu’cemü’l-evsat","Taberânî, el-Mu’cemü’l-evsat, 1/275."
hadis,618,yazim_farki,"Taberânî,Mu’cemü’l-keb","Taberânî,el-Mu’cemü’l-kebîr","Taberânî, el-Mu’cemü’l-kebîr, XIX, 419."
hadis,619,yazim_farki,"Taberânî,Mu’cemü’s-sağ","Taberânî,el-Mu’cemü’s-sağîr","Taberânî, el-Mu’cemü’s-sağîr, II, 131."
hadis,620,kirpilmis_duzeltildi,"Tirmizî,Ahk","Tirmizî,Ahkâm","Tirmizî, Ahkâm, 36."
hadis,621,kirpilmis_duzeltildi,"Tirmizî,Buy","Tirmizî,Buyû’","Tirmizi, Buyû’, 74."
hadis,626,kirpilmis_duzeltildi,"Tirmizî,Sıfatu’l Kıy","Tirmizî,Sıfatu’l Kıyâme","Tirmizî, Sıfatu’l Kıyâme, 35."
hadis,627,kirpilmis_duzeltildi,"Tirmizî,Sıfatu’l-kıy","Tirmizî,Sıfatu’l-kıyâme","Tirmizî, Sıfatu’l-kıyâme, 1."
hadis,628,kirpilmis_duzeltildi,"Tirmizî,Sıfatü","Tirmizî,Sıfatü‘l-kıyâme","Tirmizî, Sıfatü‘l-kıyâme, 25."
hadis,629,kirpilmis_duzeltildi,"Tirmizî,Sıfatü’l","Tirmizî,Sıfatü’l -Kıyame","Tirmizî, Sıfatü’l -Kıyame, 1."
hadis,630,kirpilmis_duzeltildi,"Tirmizî,Sıfatü’l- Kıy","Tirmizî,Sıfatü’l- Kıyâme","Tirmizi, Sıfatü’l- Kıyâme, 1."
hadis,632,kirpilmis_duzeltildi,"Tirmizî,Zek","Tirmizî,Zekât","Tirmizî, Zekât, 28."
hadis,633,kirpilmis_duzeltildi,"Tirmizî,Şem","Tirmizî,Şemâil","Tirmizî, Şemâil, 60."
hadis,634,kirpilmis_duzeltildi,"İbn Mâce,Cen","İbn Mâce,Cenâiz","İbn Mâce, Cenâiz, 64."
hadis,635,kirpilmis_duzeltildi,"İbn Mâce,Du","İbn Mâce,Duâ","İbn Mâce, Duâ, 2."
hadis,637,kirpilmis_duzeltildi,"İbn Mâce,Men","İbn Mâce,Menâsik","İbn Mâce, Menâsik, 5."
hadis,638,kirpilmis_duzeltildi,"İbn Mâce,Sıy","İbn Mâce,Sıyâm","İbn Mâce, Sıyâm, 2."
hadis,639,kirpilmis_duzeltildi,"İbn Mâce,Tic","İbn Mâce,Ticâret","İbn Mâce, Ticâret, 29."
hadis,641,kirpilmis_duzeltildi,"İbn Mâce,İbn M","İbn Mâce,İbn Mâce","İbn Mâce, İbn Mâce, Sunne, 20."
