sira,ana_kategori,ikincil_kategoriler
1,"Toplumsal Dayanışma, Merhamet ve Kardeşlik",
2,Peygamberimiz ve Ashab,"Kandiller, Muharrem ve Mübarek Geceler"
3,"Toplumsal Dayanışma, Merhamet ve Kardeşlik",
4,"Ramazan, Oruç ve Bayramlar","Toplumsal Dayanışma, Merhamet ve Kardeşlik"
5,"Toplumsal Dayanışma, Merhamet ve Kardeşlik",
6,"Ekonomik Hayat: Kazanç, Zekat ve İsraf",
7,"Aile, Çocuk ve Nesil",Peygamberimiz ve Ashab
8,"Vatan, Millet ve Tarih",
9,"İman, Tevhid ve Ahiret",Peygamberimiz ve Ashab
10,"Kandiller, Muharrem ve Mübarek Geceler",İslam Coğrafyası ve Küresel Meseleler
11,İbadet ve Kulluk,
12,"Ramazan, Oruç ve Bayramlar","Toplumsal Dayanışma, Merhamet ve Kardeşlik"
13,Peygamberimiz ve Ashab,"Kandiller, Muharrem ve Mübarek Geceler"
14,"Ahlak, Erdem ve Söz",
15,"İman, Tevhid ve Ahiret",
16,"Sabır, Tevekkül ve Manevi Olgunluk",
17,"Ahlak, Erdem ve Söz",
18,"Kandiller, Muharrem ve Mübarek Geceler",İbadet ve Kulluk
19,Kur'an-ı Kerim,"Aile, Çocuk ve Nesil"
20,"Ramazan, Oruç ve Bayramlar",Kur'an-ı Kerim
21,"Ramazan, Oruç ve Bayramlar",İslam Coğrafyası ve Küresel Meseleler
22,"Ahlak, Erdem ve Söz",
23,"Ramazan, Oruç ve Bayramlar","Toplumsal Dayanışma, Merhamet ve Kardeşlik"
24,"Aile, Çocuk ve Nesil",Peygamberimiz ve Ashab
25,İslam Coğrafyası ve Küresel Meseleler,
26,"Toplumsal Dayanışma, Merhamet ve Kardeşlik","Ahlak, Erdem ve Söz"
27,"İman, Tevhid ve Ahiret",
28,"Toplumsal Dayanışma, Merhamet ve Kardeşlik",İslam Coğrafyası ve Küresel Meseleler
29,"Kandiller, Muharrem ve Mübarek Geceler",Kur'an-ı Kerim
30,İbadet ve Kulluk,"İman, Tevhid ve Ahiret"
31,İbadet ve Kulluk,
32,"Ahlak, Erdem ve Söz","Toplumsal Dayanışma, Merhamet ve Kardeşlik"
33,"İman, Tevhid ve Ahiret",
34,Peygamberimiz ve Ashab,"Kandiller, Muharrem ve Mübarek Geceler"
35,"İman, Tevhid ve Ahiret","Ahlak, Erdem ve Söz"
36,"İman, Tevhid ve Ahiret",
37,"Toplumsal Dayanışma, Merhamet ve Kardeşlik",
38,"Vatan, Millet ve Tarih","Toplumsal Dayanışma, Merhamet ve Kardeşlik"
39,"Kandiller, Muharrem ve Mübarek Geceler",İbadet ve Kulluk
40,"Eğitim, Teknoloji, Çevre ve Toplumsal Değişim","Ahlak, Erdem ve Söz"
41,"Ramazan, Oruç ve Bayramlar","Toplumsal Dayanışma, Merhamet ve Kardeşlik"
42,Kur'an-ı Kerim,"Ramazan, Oruç ve Bayramlar"
43,"Ekonomik Hayat: Kazanç, Zekat ve İsraf",
44,"Ramazan, Oruç ve Bayramlar","Toplumsal Dayanışma, Merhamet ve Kardeşlik"
45,"Vatan, Millet ve Tarih","Ahlak, Erdem ve Söz"
46,"Ramazan, Oruç ve Bayramlar","İman, Tevhid ve Ahiret"
47,"Ramazan, Oruç ve Bayramlar",İbadet ve Kulluk
48,"Toplumsal Dayanışma, Merhamet ve Kardeşlik",
49,"İman, Tevhid ve Ahiret",
50,"İman, Tevhid ve Ahiret",
51,"Aile, Çocuk ve Nesil",İslam Coğrafyası ve Küresel Meseleler
52,"Vatan, Millet ve Tarih","Sabır, Tevekkül ve Manevi Olgunluk"
53,"Sabır, Tevekkül ve Manevi Olgunluk","İman, Tevhid ve Ahiret"
54,Kur'an-ı Kerim,İbadet ve Kulluk
55,"İman, Tevhid ve Ahiret","İbadet ve Kulluk; Ahlak, Erdem ve Söz"
56,"Kandiller, Muharrem ve Mübarek Geceler","Sabır, Tevekkül ve Manevi Olgunluk"
57,"Ahlak, Erdem ve Söz","İman, Tevhid ve Ahiret"
58,"Ahlak, Erdem ve Söz",
59,Kur'an-ı Kerim,"Aile, Çocuk ve Nesil"
60,"Ramazan, Oruç ve Bayramlar",
61,"Vatan, Millet ve Tarih",
62,"Ramazan, Oruç ve Bayramlar","Toplumsal Dayanışma, Merhamet ve Kardeşlik"
63,"Eğitim, Teknoloji, Çevre ve Toplumsal Değişim",
64,Peygamberimiz ve Ashab,"İman, Tevhid ve Ahiret"
65,"Ahlak, Erdem ve Söz","Sabır, Tevekkül ve Manevi Olgunluk"
66,"İman, Tevhid ve Ahiret",İslam Coğrafyası ve Küresel Meseleler
67,İbadet ve Kulluk,
68,"Ahlak, Erdem ve Söz",
69,"Sabır, Tevekkül ve Manevi Olgunluk",
70,Kur'an-ı Kerim,"Peygamberimiz ve Ashab; Aile, Çocuk ve Nesil"
71,"Vatan, Millet ve Tarih",
72,"Toplumsal Dayanışma, Merhamet ve Kardeşlik",
73,"Aile, Çocuk ve Nesil",
74,"Ramazan, Oruç ve Bayramlar",Kur'an-ı Kerim
75,"Ekonomik Hayat: Kazanç, Zekat ve İsraf",
76,"Aile, Çocuk ve Nesil",
77,"Ramazan, Oruç ve Bayramlar",
78,Peygamberimiz ve Ashab,"Kandiller, Muharrem ve Mübarek Geceler"
79,"Kandiller, Muharrem ve Mübarek Geceler",
80,"İman, Tevhid ve Ahiret",
81,İbadet ve Kulluk,
82,"Aile, Çocuk ve Nesil","Eğitim, Teknoloji, Çevre ve Toplumsal Değişim"
83,"Sabır, Tevekkül ve Manevi Olgunluk",
84,"Toplumsal Dayanışma, Merhamet ve Kardeşlik",
85,"Sabır, Tevekkül ve Manevi Olgunluk","İman, Tevhid ve Ahiret"
86,"Vatan, Millet ve Tarih",İslam Coğrafyası ve Küresel Meseleler
87,"Kandiller, Muharrem ve Mübarek Geceler",İslam Coğrafyası ve Küresel Meseleler
88,"Ekonomik Hayat: Kazanç, Zekat ve İsraf",
89,"Ahlak, Erdem ve Söz",
90,"Aile, Çocuk ve Nesil",Kur'an-ı Kerim
91,"İman, Tevhid ve Ahiret",
92,"Aile, Çocuk ve Nesil","Eğitim, Teknoloji, Çevre ve Toplumsal Değişim"
93,İbadet ve Kulluk,
94,"Ramazan, Oruç ve Bayramlar","Toplumsal Dayanışma, Merhamet ve Kardeşlik"
95,"Ahlak, Erdem ve Söz","Toplumsal Dayanışma, Merhamet ve Kardeşlik"
96,"Eğitim, Teknoloji, Çevre ve Toplumsal Değişim","Ekonomik Hayat: Kazanç, Zekat ve İsraf"
97,"Vatan, Millet ve Tarih",
98,"İman, Tevhid ve Ahiret",
99,"Ahlak, Erdem ve Söz",
100,İbadet ve Kulluk,Peygamberimiz ve Ashab
101,"Afet, Kriz ve Sağlık",
102,İslam Coğrafyası ve Küresel Meseleler,
103,"Kandiller, Muharrem ve Mübarek Geceler","Afet, Kriz ve Sağlık"
104,"Ramazan, Oruç ve Bayramlar","Ekonomik Hayat: Kazanç, Zekat ve İsraf"
105,"Ramazan, Oruç ve Bayramlar",İbadet ve Kulluk
106,"Afet, Kriz ve Sağlık",İbadet ve Kulluk
107,Kur'an-ı Kerim,"Aile, Çocuk ve Nesil"
108,"Vatan, Millet ve Tarih",
109,"Ramazan, Oruç ve Bayramlar","Toplumsal Dayanışma, Merhamet ve Kardeşlik"
110,"Sabır, Tevekkül ve Manevi Olgunluk",
111,İbadet ve Kulluk,"Afet, Kriz ve Sağlık"
112,İbadet ve Kulluk,"Eğitim, Teknoloji, Çevre ve Toplumsal Değişim"
113,"Sabır, Tevekkül ve Manevi Olgunluk","İman, Tevhid ve Ahiret"
114,Peygamberimiz ve Ashab,"Kandiller, Muharrem ve Mübarek Geceler"
115,İbadet ve Kulluk,"Afet, Kriz ve Sağlık"
116,"Afet, Kriz ve Sağlık",
117,Kur'an-ı Kerim,
118,"Ekonomik Hayat: Kazanç, Zekat ve İsraf",
119,"Sabır, Tevekkül ve Manevi Olgunluk",
120,"Vatan, Millet ve Tarih",
121,"Ramazan, Oruç ve Bayramlar",
122,İslam Coğrafyası ve Küresel Meseleler,"Ramazan, Oruç ve Bayramlar"
123,"Ahlak, Erdem ve Söz",
124,Kur'an-ı Kerim,"Aile, Çocuk ve Nesil"
125,"Aile, Çocuk ve Nesil","Ekonomik Hayat: Kazanç, Zekat ve İsraf"
126,"Ramazan, Oruç ve Bayramlar","Toplumsal Dayanışma, Merhamet ve Kardeşlik"
127,"Afet, Kriz ve Sağlık","Toplumsal Dayanışma, Merhamet ve Kardeşlik"
128,"Ekonomik Hayat: Kazanç, Zekat ve İsraf",
129,İbadet ve Kulluk,
130,İbadet ve Kulluk,
131,İbadet ve Kulluk,
132,"Toplumsal Dayanışma, Merhamet ve Kardeşlik",
133,"İman, Tevhid ve Ahiret",
134,"Ahlak, Erdem ve Söz",Peygamberimiz ve Ashab
135,"Vatan, Millet ve Tarih",
136,"Aile, Çocuk ve Nesil",
137,"Ramazan, Oruç ve Bayramlar",Kur'an-ı Kerim
138,"Ramazan, Oruç ve Bayramlar","Toplumsal Dayanışma, Merhamet ve Kardeşlik"
139,"Ekonomik Hayat: Kazanç, Zekat ve İsraf",
140,"Eğitim, Teknoloji, Çevre ve Toplumsal Değişim",
141,"Aile, Çocuk ve Nesil",
142,"İman, Tevhid ve Ahiret",
143,İbadet ve Kulluk,
144,"Kandiller, Muharrem ve Mübarek Geceler",Peygamberimiz ve Ashab
145,"İman, Tevhid ve Ahiret","İbadet ve Kulluk; Ahlak, Erdem ve Söz"
146,"Vatan, Millet ve Tarih",
147,"Toplumsal Dayanışma, Merhamet ve Kardeşlik",
148,İbadet ve Kulluk,
149,"Aile, Çocuk ve Nesil",
150,"İman, Tevhid ve Ahiret",
151,"Kandiller, Muharrem ve Mübarek Geceler",
152,"Ahlak, Erdem ve Söz","İman, Tevhid ve Ahiret"
153,"Afet, Kriz ve Sağlık","Kandiller, Muharrem ve Mübarek Geceler"
154,"Afet, Kriz ve Sağlık","Toplumsal Dayanışma, Merhamet ve Kardeşlik; İbadet ve Kulluk"
155,"Ramazan, Oruç ve Bayramlar","Toplumsal Dayanışma, Merhamet ve Kardeşlik"
156,"Toplumsal Dayanışma, Merhamet ve Kardeşlik","Vatan, Millet ve Tarih"
157,İbadet ve Kulluk,
158,"Eğitim, Teknoloji, Çevre ve Toplumsal Değişim",
159,"Aile, Çocuk ve Nesil",
160,"Vatan, Millet ve Tarih","Ahlak, Erdem ve Söz"
161,"Kandiller, Muharrem ve Mübarek Geceler",Peygamberimiz ve Ashab
162,"Ekonomik Hayat: Kazanç, Zekat ve İsraf",
163,İslam Coğrafyası ve Küresel Meseleler,"Sabır, Tevekkül ve Manevi Olgunluk"
164,"İman, Tevhid ve Ahiret","İbadet ve Kulluk; Ahlak, Erdem ve Söz"
165,"Toplumsal Dayanışma, Merhamet ve Kardeşlik",İslam Coğrafyası ve Küresel Meseleler
166,"Kandiller, Muharrem ve Mübarek Geceler",
167,İbadet ve Kulluk,
168,"Vatan, Millet ve Tarih","Toplumsal Dayanışma, Merhamet ve Kardeşlik"
169,"Afet, Kriz ve Sağlık",İslam Coğrafyası ve Küresel Meseleler
170,"Ramazan, Oruç ve Bayramlar",
171,"Ramazan, Oruç ve Bayramlar","İslam Coğrafyası ve Küresel Meseleler; Vatan, Millet ve Tarih"
172,"İman, Tevhid ve Ahiret",
173,"Ramazan, Oruç ve Bayramlar","Toplumsal Dayanışma, Merhamet ve Kardeşlik"
174,"Ekonomik Hayat: Kazanç, Zekat ve İsraf","Toplumsal Dayanışma, Merhamet ve Kardeşlik"
175,"Toplumsal Dayanışma, Merhamet ve Kardeşlik",
176,"Vatan, Millet ve Tarih","Kandiller, Muharrem ve Mübarek Geceler"
177,"İman, Tevhid ve Ahiret","Toplumsal Dayanışma, Merhamet ve Kardeşlik"
178,"Eğitim, Teknoloji, Çevre ve Toplumsal Değişim",
179,"Vatan, Millet ve Tarih",
180,"Toplumsal Dayanışma, Merhamet ve Kardeşlik",
181,İbadet ve Kulluk,
182,"Afet, Kriz ve Sağlık","Ekonomik Hayat: Kazanç, Zekat ve İsraf"
183,"Ekonomik Hayat: Kazanç, Zekat ve İsraf",
184,Peygamberimiz ve Ashab,İslam Coğrafyası ve Küresel Meseleler
185,"Sabır, Tevekkül ve Manevi Olgunluk",
186,"İman, Tevhid ve Ahiret",
187,"İman, Tevhid ve Ahiret",
188,"Ramazan, Oruç ve Bayramlar","Toplumsal Dayanışma, Merhamet ve Kardeşlik"
189,"Ramazan, Oruç ve Bayramlar","Ekonomik Hayat: Kazanç, Zekat ve İsraf"
190,"Aile, Çocuk ve Nesil",
191,"Ramazan, Oruç ve Bayramlar",İslam Coğrafyası ve Küresel Meseleler
192,"Aile, Çocuk ve Nesil","Ekonomik Hayat: Kazanç, Zekat ve İsraf"
193,"Kandiller, Muharrem ve Mübarek Geceler","Toplumsal Dayanışma, Merhamet ve Kardeşlik"
194,"Eğitim, Teknoloji, Çevre ve Toplumsal Değişim","Ekonomik Hayat: Kazanç, Zekat ve İsraf"
195,"Aile, Çocuk ve Nesil","Sabır, Tevekkül ve Manevi Olgunluk"
196,İbadet ve Kulluk,Peygamberimiz ve Ashab
197,"Aile, Çocuk ve Nesil",
198,"Vatan, Millet ve Tarih",
199,"İman, Tevhid ve Ahiret","Ahlak, Erdem ve Söz"
200,"Kandiller, Muharrem ve Mübarek Geceler","Sabır, Tevekkül ve Manevi Olgunluk; Aile, Çocuk ve Nesil"
