hafta_id,tarih,dini_gun,siyasi_olay,kriz_olayi,olay_notu
2011-1504,15.04.2011,,,,
2011-2110,21.10.2011,,,,
2011-2810,28.10.2011,,,Van depremi (+5 gün),
2011-0611,06.11.2011,Kurban Bayramı,,Van depremi (+14 gün),
2011-2511,25.11.2011,,,,
2011-0212,02.12.2011,,,,
2011-3012,30.12.2011,,,,
2012-0302,03.02.2012,Mevlid Kandili,,,
2012-0604,06.04.2012,,,,
2012-1304,13.04.2012,,,,
2012-2906,29.06.2012,Berat Kandili,,,Berat Kandili tarihi yaklaşık (±1 gün)
2012-2007,20.07.2012,Ramazan başlangıcı,,,
2012-2707,27.07.2012,Ramazan içi,,,
2012-1908,19.08.2012,Kadir Gecesi; Ramazan Bayramı,,,
2012-2809,28.09.2012,,,,
2012-1611,16.11.2012,,,,
2012-2812,28.12.2012,,,,
2013-2501,25.01.2013,Mevlid Kandili,,,
2013-0803,08.03.2013,,,,
2013-1503,15.03.2013,,,,
2013-2903,29.03.2013,,,,
2013-0504,05.04.2013,,,,
2013-1204,12.04.2013,,,,
2013-1904,19.04.2013,,,,
2013-0706,07.06.2013,Miraç Kandili,,,
2013-1406,14.06.2013,,,,
2013-2106,21.06.2013,Berat Kandili,,,Berat Kandili tarihi yaklaşık (±1 gün)
2013-2806,28.06.2013,Berat Kandili,,,Berat Kandili tarihi yaklaşık (±1 gün)
2013-0507,05.07.2013,Ramazan başlangıcı,,,
2013-1207,12.07.2013,Ramazan başlangıcı,,,
2013-1907,19.07.2013,Ramazan içi,,,
2013-2607,26.07.2013,Ramazan içi,,,
2013-0208,02.08.2013,Kadir Gecesi; Ramazan Bayramı,,,
2013-0808,08.08.2013,Kadir Gecesi; Ramazan Bayramı,,,
2013-1608,16.08.2013,,,,
2013-2308,23.08.2013,,,,
2013-3008,30.08.2013,,,,
2013-2709,27.09.2013,,,,
2013-0410,04.10.2013,,,,
2013-1510,15.10.2013,Kurban Bayramı,,,
2013-0111,01.11.2013,,,,
2013-0811,08.11.2013,,,,
2013-1312,13.12.2013,,,,
2013-2712,27.12.2013,,,,
2014-1001,10.01.2014,Mevlid Kandili,,,
2014-3101,31.01.2014,,,,
2014-0702,07.02.2014,,,,
2014-1402,14.02.2014,,,,
2014-2102,21.02.2014,,,,
2014-2802,28.02.2014,,,,
2014-0703,07.03.2014,,,,
2014-2103,21.03.2014,,Yerel seçim öncesi (9 gün),,
2014-2803,28.03.2014,,Yerel seçim öncesi (2 gün),,
2014-0404,04.04.2014,,Yerel seçim sonrası (5 gün),,
2014-1104,11.04.2014,,Yerel seçim sonrası (12 gün),,
2014-1804,18.04.2014,,,,
2014-1605,16.05.2014,,,Soma maden faciası (+3 gün),
2014-2305,23.05.2014,Miraç Kandili,,Soma maden faciası (+10 gün),
2014-3005,30.05.2014,Miraç Kandili,,Soma maden faciası (+17 gün),
2014-0606,06.06.2014,,,Soma maden faciası (+24 gün),
2014-1306,13.06.2014,Berat Kandili,,,Berat Kandili tarihi yaklaşık (±1 gün)
2014-2006,20.06.2014,,,,
2014-2706,27.06.2014,Ramazan başlangıcı,,,
2014-1107,11.07.2014,Ramazan içi,,,
2014-1807,18.07.2014,Kadir Gecesi,,,
2014-2507,25.07.2014,Kadir Gecesi; Ramazan Bayramı,,,
2014-2807,28.07.2014,Kadir Gecesi; Ramazan Bayramı,Cumhurbaşkanlığı seçimi öncesi (13 gün),,
2014-0808,08.08.2014,,Cumhurbaşkanlığı seçimi öncesi (2 gün),,
2014-1508,15.08.2014,,Cumhurbaşkanlığı seçimi sonrası (5 gün),,
2014-2208,22.08.2014,,Cumhurbaşkanlığı seçimi sonrası (12 gün),,
2014-2908,29.08.2014,,,,
2014-0509,05.09.2014,,,,
2014-1209,12.09.2014,,,,
2014-2609,26.09.2014,,,,
2014-0310,03.10.2014,Kurban Bayramı,,,
2014-0410,04.10.2014,Kurban Bayramı,,,
2014-1010,10.10.2014,Kurban Bayramı,,,
2014-1710,17.10.2014,,,,
2014-2410,24.10.2014,,,,
2014-3110,31.10.2014,,,,
2014-0711,07.11.2014,,,,
2014-2111,21.11.2014,,,,
2014-2811,28.11.2014,,,,
2014-0512,05.12.2014,,,,
2014-1212,12.12.2014,,,,
2014-2612,26.12.2014,,,,
2015-1303,13.03.2015,,,,
2015-2003,20.03.2015,,,,
2015-2703,27.03.2015,,,,
2015-0304,03.04.2015,,,,
2015-1004,10.04.2015,,,,
2015-1704,17.04.2015,Regaib Kandili,,,
2015-2404,24.04.2015,Regaib Kandili,,,
2015-0105,01.05.2015,,,,
2015-0805,08.05.2015,,,,
2015-1505,15.05.2015,Miraç Kandili,,,
2015-2205,22.05.2015,,,,
2015-2905,29.05.2015,Berat Kandili,Genel seçim (Haziran) öncesi (9 gün),,Berat Kandili tarihi yaklaşık (±1 gün)
2015-0506,05.06.2015,Berat Kandili,Genel seçim (Haziran) öncesi (2 gün),,Berat Kandili tarihi yaklaşık (±1 gün)
2015-1206,12.06.2015,Ramazan başlangıcı,Genel seçim (Haziran) sonrası (5 gün),,
2015-1906,19.06.2015,Ramazan başlangıcı,Genel seçim (Haziran) sonrası (12 gün),,
2015-2606,26.06.2015,Ramazan içi,,,
2015-0307,03.07.2015,Ramazan içi,,,
2015-1007,10.07.2015,Kadir Gecesi,,,
2015-1707,17.07.2015,Kadir Gecesi; Ramazan Bayramı,,,
2015-0708,07.08.2015,,,Suruç saldırısı (+18 gün),
2015-1408,14.08.2015,,,Suruç saldırısı (+25 gün),
2015-2108,21.08.2015,,,,
2015-2808,28.08.2015,,,,
2015-0409,04.09.2015,,,,
2015-1109,11.09.2015,,,,
2015-1809,18.09.2015,Kurban Bayramı,,,
2015-2409,24.09.2015,Kurban Bayramı,,,
2015-0210,02.10.2015,,,,
2015-0910,09.10.2015,,,,
2015-1610,16.10.2015,,,Ankara Gar saldırısı (+6 gün),
2015-2310,23.10.2015,,"Genel seçim (Kasım, yenileme) öncesi (9 gün)",Ankara Gar saldırısı (+13 gün),
2015-3010,30.10.2015,,"Genel seçim (Kasım, yenileme) öncesi (2 gün)",Ankara Gar saldırısı (+20 gün),
2015-0611,06.11.2015,,"Genel seçim (Kasım, yenileme) sonrası (5 gün)",Ankara Gar saldırısı (+27 gün),
2015-1311,13.11.2015,,"Genel seçim (Kasım, yenileme) sonrası (12 gün)",,
2015-2011,20.11.2015,,,,
2015-2711,27.11.2015,,,,
2015-0412,04.12.2015,,,,
2015-1112,11.12.2015,,,,
2015-1812,18.12.2015,Mevlid Kandili,,,
2015-2512,25.12.2015,Mevlid Kandili,,,
2016-0101,01.01.2016,,,,
2016-0801,08.01.2016,,,,
2016-1501,15.01.2016,,,,
2016-2201,22.01.2016,,,,
2016-2901,29.01.2016,,,,
2016-0502,05.02.2016,,,,
2016-1202,12.02.2016,,,,
2016-1902,19.02.2016,,,,
2016-2602,26.02.2016,,,,
2016-0403,04.03.2016,,,,
2016-1103,11.03.2016,,,,
2016-1803,18.03.2016,,,,
2016-2503,25.03.2016,,,,
2016-0104,01.04.2016,Regaib Kandili,,,
2016-0804,08.04.2016,Regaib Kandili,,,
2016-1504,15.04.2016,,,,
2016-2204,22.04.2016,,,,
2016-2904,29.04.2016,Miraç Kandili,,,
2016-0605,06.05.2016,Miraç Kandili,,,
2016-1305,13.05.2016,,,,
2016-2005,20.05.2016,Berat Kandili,,,Berat Kandili tarihi yaklaşık (±1 gün)
2016-2705,27.05.2016,Berat Kandili,,,Berat Kandili tarihi yaklaşık (±1 gün)
2016-0306,03.06.2016,Ramazan başlangıcı,,,
2016-1006,10.06.2016,Ramazan başlangıcı,,,
2016-1706,17.06.2016,Ramazan içi,,,
2016-2406,24.06.2016,Ramazan içi,,,
2016-0107,01.07.2016,Kadir Gecesi; Ramazan Bayramı,,,
2016-0507,05.07.2016,Kadir Gecesi; Ramazan Bayramı,,,
2016-0807,08.07.2016,Kadir Gecesi; Ramazan Bayramı,,,
2016-1507,15.07.2016,,,15 Temmuz darbe girişimi (+0 gün),
2016-2207,22.07.2016,,,15 Temmuz darbe girişimi (+7 gün),
2016-2907,29.07.2016,,,15 Temmuz darbe girişimi (+14 gün),
2016-0508,05.08.2016,,,15 Temmuz darbe girişimi (+21 gün),
2016-1208,12.08.2016,,,15 Temmuz darbe girişimi (+28 gün),
2016-1908,19.08.2016,,,,
2016-2608,26.08.2016,,,,
2016-0209,02.09.2016,,,,
2016-0909,09.09.2016,Kurban Bayramı,,,
2016-1209,12.09.2016,Kurban Bayramı,,,
2016-1609,16.09.2016,Kurban Bayramı,,,
2016-2309,23.09.2016,,,,
2016-3009,30.09.2016,,,,
2016-0710,07.10.2016,,,,
2016-1410,14.10.2016,,,,
2016-2110,21.10.2016,,,,
2016-2810,28.10.2016,,,,
2016-0411,04.11.2016,,,,
2016-1111,11.11.2016,,,,
2016-1811,18.11.2016,,,,
2016-2511,25.11.2016,,,,
2016-0212,02.12.2016,,,Aladağ yurt yangını (+3 gün),
2016-0912,09.12.2016,Mevlid Kandili,,Aladağ yurt yangını (+10 gün),
2016-1612,16.12.2016,Mevlid Kandili,,Aladağ yurt yangını (+17 gün),
2016-2312,23.12.2016,,,Aladağ yurt yangını (+24 gün),
2016-3012,30.12.2016,,,,
2017-0601,06.01.2017,,,,
2017-1301,13.01.2017,,,,
2017-2001,20.01.2017,,,,
2017-2701,27.01.2017,,,,
2017-0302,03.02.2017,,,,
2017-1002,10.02.2017,,,,
2017-1702,17.02.2017,,,,
2017-2402,24.02.2017,,,,
2017-0303,03.03.2017,,,,
2017-1003,10.03.2017,,,,
2017-1703,17.03.2017,,,,
2017-2403,24.03.2017,Regaib Kandili,,,
2017-3103,31.03.2017,Regaib Kandili,,,
2017-0704,07.04.2017,,Anayasa referandumu öncesi (9 gün),,
2017-1404,14.04.2017,,Anayasa referandumu öncesi (2 gün),,
2017-2104,21.04.2017,Miraç Kandili,Anayasa referandumu sonrası (5 gün),,
2017-2804,28.04.2017,Miraç Kandili,Anayasa referandumu sonrası (12 gün),,
2017-0505,05.05.2017,,,,
2017-1205,12.05.2017,Berat Kandili,,,Berat Kandili tarihi yaklaşık (±1 gün)
2017-1905,19.05.2017,,,,
2017-2605,26.05.2017,Ramazan başlangıcı,,,
2017-0206,02.06.2017,Ramazan başlangıcı,,,
2017-0906,09.06.2017,Ramazan içi,,,
2017-1606,16.06.2017,Kadir Gecesi,,,
2017-2306,23.06.2017,Kadir Gecesi; Ramazan Bayramı,,,
2017-2506,25.06.2017,Kadir Gecesi; Ramazan Bayramı,,,
2017-3006,30.06.2017,Ramazan Bayramı,,,
2017-0707,07.07.2017,,,,
2017-1407,14.07.2017,,,,
2017-2107,21.07.2017,,,,
2017-2807,28.07.2017,,,,
2017-0408,04.08.2017,,,,
2017-1108,11.08.2017,,,,
2017-1808,18.08.2017,,,,
2017-2508,25.08.2017,,,,
2017-0109,01.09.2017,Kurban Bayramı,,,
2017-0809,08.09.2017,,,,
2017-1509,15.09.2017,,,,
2017-2209,22.09.2017,,,,
2017-2909,29.09.2017,,,,
2017-0610,06.10.2017,,,,
2017-1310,13.10.2017,,,,
2017-2010,20.10.2017,,,,
2017-2710,27.10.2017,,,,
2017-0311,03.11.2017,,,,
2017-1011,10.11.2017,,,,
2017-1711,17.11.2017,,,,
2017-2411,24.11.2017,Mevlid Kandili,,,
2017-0112,01.12.2017,Mevlid Kandili,,,
2017-0812,08.12.2017,,,,
2017-1512,15.12.2017,,,,
2017-2212,22.12.2017,,,,
2017-2912,29.12.2017,,,,
2018-0501,05.01.2018,,,,
2018-1201,12.01.2018,,,,
2018-1901,19.01.2018,,,,
2018-2601,26.01.2018,,,,
2018-0202,02.02.2018,,,,
2018-0902,09.02.2018,,,,
2018-1602,16.02.2018,,,,
2018-2302,23.02.2018,,,,
2018-0203,02.03.2018,,,,
2018-0903,09.03.2018,,,,
2018-1603,16.03.2018,Regaib Kandili,,,
2018-2303,23.03.2018,Regaib Kandili,,,
2018-3003,30.03.2018,,,,
2018-0604,06.04.2018,,,,
2018-1304,13.04.2018,Miraç Kandili,,,
2018-2004,20.04.2018,,,,
2018-2704,27.04.2018,Berat Kandili,,,Berat Kandili tarihi yaklaşık (±1 gün)
2018-0405,04.05.2018,Berat Kandili,,,Berat Kandili tarihi yaklaşık (±1 gün)
2018-1105,11.05.2018,Ramazan başlangıcı,,,
2018-1805,18.05.2018,Ramazan başlangıcı,,,
2018-2505,25.05.2018,Ramazan içi,,,
2018-0106,01.06.2018,Ramazan içi,,,
2018-0806,08.06.2018,Kadir Gecesi,,,
2018-1506,15.06.2018,Kadir Gecesi; Ramazan Bayramı,Genel + CB seçimi öncesi (9 gün),,
2018-2206,22.06.2018,,Genel + CB seçimi öncesi (2 gün),,
2018-2906,29.06.2018,,Genel + CB seçimi sonrası (5 gün),,
2018-0607,06.07.2018,,Genel + CB seçimi sonrası (12 gün),,
2018-1307,13.07.2018,,,,
2018-2007,20.07.2018,,,,
2018-2707,27.07.2018,,,,
2018-0308,03.08.2018,,,,
2018-1008,10.08.2018,,,,
2018-1708,17.08.2018,Kurban Bayramı,,,
2018-2108,21.08.2018,Kurban Bayramı,,,
2018-2408,24.08.2018,Kurban Bayramı,,,
2018-3108,31.08.2018,,,,
2018-0709,07.09.2018,,,,
2018-1409,14.09.2018,,,,
2018-2109,21.09.2018,,,,
2018-2809,28.09.2018,,,,
2018-0510,05.10.2018,,,,
2018-1210,12.10.2018,,,,
2018-1910,19.10.2018,,,,
2018-2610,26.10.2018,,,,
2018-0211,02.11.2018,,,,
2018-0911,09.11.2018,,,,
2018-1611,16.11.2018,Mevlid Kandili,,,
2018-2311,23.11.2018,Mevlid Kandili,,,
2018-3011,30.11.2018,,,,
2018-0712,07.12.2018,,,,
2018-1412,14.12.2018,,,,
2018-2112,21.12.2018,,,,
2018-2812,28.12.2018,,,,
2019-0401,04.01.2019,,,,
2019-1101,11.01.2019,,,,
2019-1801,18.01.2019,,,,
2019-2501,25.01.2019,,,,
2019-0102,01.02.2019,,,,
2019-0802,08.02.2019,,,,
2019-1502,15.02.2019,,,,
2019-2202,22.02.2019,,,,
2019-0103,01.03.2019,Regaib Kandili,,,
2019-0803,08.03.2019,Regaib Kandili,,,
2019-1503,15.03.2019,,,,
2019-2203,22.03.2019,,Yerel seçim öncesi (9 gün),,
2019-2903,29.03.2019,Miraç Kandili,Yerel seçim öncesi (2 gün),,
2019-0504,05.04.2019,Miraç Kandili,Yerel seçim sonrası (5 gün),,
2019-1204,12.04.2019,,Yerel seçim sonrası (12 gün),,
2019-1904,19.04.2019,Berat Kandili,,,Berat Kandili tarihi yaklaşık (±1 gün)
2019-2604,26.04.2019,Berat Kandili,,,Berat Kandili tarihi yaklaşık (±1 gün)
2019-0305,03.05.2019,Ramazan başlangıcı,,,
2019-1005,10.05.2019,Ramazan başlangıcı,,,
2019-1705,17.05.2019,Ramazan içi,,,
2019-2405,24.05.2019,Ramazan içi,,,
2019-3105,31.05.2019,Kadir Gecesi; Ramazan Bayramı,,,
2019-0406,04.06.2019,Kadir Gecesi; Ramazan Bayramı,,,
2019-0706,07.06.2019,Kadir Gecesi; Ramazan Bayramı,,,
2019-1406,14.06.2019,,İstanbul seçim yenilemesi öncesi (9 gün),,
2019-2106,21.06.2019,,İstanbul seçim yenilemesi öncesi (2 gün),,
2019-2806,28.06.2019,,İstanbul seçim yenilemesi sonrası (5 gün),,
2019-0507,05.07.2019,,İstanbul seçim yenilemesi sonrası (12 gün),,
2019-1207,12.07.2019,,,,
2019-1907,19.07.2019,,,,
2019-2607,26.07.2019,,,,
2019-0208,02.08.2019,,,,
2019-0908,09.08.2019,Kurban Bayramı,,,
2019-1108,11.08.2019,Kurban Bayramı,,,
2019-1608,16.08.2019,Kurban Bayramı,,,
2019-2308,23.08.2019,,,,
2019-3008,30.08.2019,,,,
2019-0609,06.09.2019,,,,
2019-1309,13.09.2019,,,,
2019-2009,20.09.2019,,,,
2019-2709,27.09.2019,,,,
2019-0410,04.10.2019,,,,
2019-1110,11.10.2019,,,,
2019-1810,18.10.2019,,,,
2019-2510,25.10.2019,,,,
2019-0111,01.11.2019,,,,
2019-0811,08.11.2019,Mevlid Kandili,,,
2019-1511,15.11.2019,,,,
2019-2211,22.11.2019,,,,
2019-2911,29.11.2019,,,,
2019-0612,06.12.2019,,,,
2019-1312,13.12.2019,,,,
2019-2012,20.12.2019,,,,
2019-2712,27.12.2019,,,,
2020-0301,03.01.2020,,,,
2020-1001,10.01.2020,,,,
2020-1701,17.01.2020,,,,
2020-2401,24.01.2020,,,Elazığ depremi (+0 gün),
2020-3101,31.01.2020,,,Elazığ depremi (+7 gün),
2020-0702,07.02.2020,,,Elazığ depremi (+14 gün),
2020-1402,14.02.2020,,,Elazığ depremi (+21 gün),
2020-2102,21.02.2020,Regaib Kandili,,Elazığ depremi (+28 gün),
2020-2802,28.02.2020,Regaib Kandili,,,
2020-0603,06.03.2020,,,,
2020-1303,13.03.2020,,,COVID-19 pandemisi (yoğun dönem),
2020-2703,27.03.2020,Miraç Kandili,,COVID-19 pandemisi (yoğun dönem),
2020-0304,03.04.2020,Berat Kandili,,COVID-19 pandemisi (yoğun dönem),Berat Kandili tarihi yaklaşık (±1 gün)
2020-1004,10.04.2020,Berat Kandili,,COVID-19 pandemisi (yoğun dönem),Berat Kandili tarihi yaklaşık (±1 gün)
2020-1704,17.04.2020,,,COVID-19 pandemisi (yoğun dönem),
2020-2404,24.04.2020,Ramazan başlangıcı,,COVID-19 pandemisi (yoğun dönem),
2020-0105,01.05.2020,Ramazan içi,,COVID-19 pandemisi (yoğun dönem),
2020-0805,08.05.2020,Ramazan içi,,COVID-19 pandemisi (yoğun dönem),
2020-1505,15.05.2020,Kadir Gecesi,,COVID-19 pandemisi (yoğun dönem),
2020-2205,22.05.2020,Kadir Gecesi; Ramazan Bayramı,,COVID-19 pandemisi (yoğun dönem),
2020-2905,29.05.2020,Ramazan Bayramı,,COVID-19 pandemisi (yoğun dönem),
2020-0506,05.06.2020,,,COVID-19 pandemisi (yoğun dönem),
2020-1206,12.06.2020,,,COVID-19 pandemisi (yoğun dönem),
2020-1906,19.06.2020,,,COVID-19 pandemisi (yoğun dönem),
2020-2606,26.06.2020,,,COVID-19 pandemisi (yoğun dönem),
2020-0307,03.07.2020,,,COVID-19 pandemisi (yoğun dönem),
2020-1007,10.07.2020,,,COVID-19 pandemisi (yoğun dönem),
2020-1707,17.07.2020,,,COVID-19 pandemisi (yoğun dönem),
2020-2407,24.07.2020,,,COVID-19 pandemisi (yoğun dönem),
2020-3107,31.07.2020,Kurban Bayramı,,COVID-19 pandemisi (yoğun dönem),
2020-0708,07.08.2020,,,COVID-19 pandemisi (yoğun dönem),
2020-1408,14.08.2020,,,COVID-19 pandemisi (yoğun dönem),
2020-2108,21.08.2020,,,COVID-19 pandemisi (yoğun dönem),
2020-2808,28.08.2020,,,COVID-19 pandemisi (yoğun dönem),
2020-0409,04.09.2020,,,COVID-19 pandemisi (yoğun dönem),
2020-1109,11.09.2020,,,COVID-19 pandemisi (yoğun dönem),
2020-1809,18.09.2020,,,COVID-19 pandemisi (yoğun dönem),
2020-2509,25.09.2020,,,COVID-19 pandemisi (yoğun dönem),
2020-0210,02.10.2020,,,COVID-19 pandemisi (yoğun dönem),
2020-0910,09.10.2020,,,COVID-19 pandemisi (yoğun dönem),
2020-1610,16.10.2020,,,COVID-19 pandemisi (yoğun dönem),
2020-2310,23.10.2020,Mevlid Kandili,,COVID-19 pandemisi (yoğun dönem),
2020-3010,30.10.2020,Mevlid Kandili,,COVID-19 pandemisi (yoğun dönem); İzmir depremi (+0 gün),
2020-0611,06.11.2020,,,COVID-19 pandemisi (yoğun dönem); İzmir depremi (+7 gün),
2020-1311,13.11.2020,,,COVID-19 pandemisi (yoğun dönem); İzmir depremi (+14 gün),
2020-2011,20.11.2020,,,COVID-19 pandemisi (yoğun dönem); İzmir depremi (+21 gün),
2020-2711,27.11.2020,,,COVID-19 pandemisi (yoğun dönem); İzmir depremi (+28 gün),
2020-0412,04.12.2020,,,COVID-19 pandemisi (yoğun dönem),
2020-1112,11.12.2020,,,COVID-19 pandemisi (yoğun dönem),
2020-1812,18.12.2020,,,COVID-19 pandemisi (yoğun dönem),
2020-2512,25.12.2020,,,COVID-19 pandemisi (yoğun dönem),
2021-0101,01.01.2021,,,COVID-19 pandemisi (yoğun dönem),
2021-0801,08.01.2021,,,COVID-19 pandemisi (yoğun dönem),
2021-1501,15.01.2021,,,COVID-19 pandemisi (yoğun dönem),
2021-2201,22.01.2021,,,COVID-19 pandemisi (yoğun dönem),
2021-2901,29.01.2021,,,COVID-19 pandemisi (yoğun dönem),
2021-0502,05.02.2021,,,COVID-19 pandemisi (yoğun dönem),
2021-1202,12.02.2021,Regaib Kandili,,COVID-19 pandemisi (yoğun dönem),
2021-1902,19.02.2021,Regaib Kandili,,COVID-19 pandemisi (yoğun dönem),
2021-2602,26.02.2021,,,COVID-19 pandemisi (yoğun dönem),
2021-0503,05.03.2021,Miraç Kandili,,COVID-19 pandemisi (yoğun dönem),
2021-1203,12.03.2021,Miraç Kandili,,COVID-19 pandemisi (yoğun dönem),
2021-1903,19.03.2021,,,COVID-19 pandemisi (yoğun dönem),
2021-2603,26.03.2021,Berat Kandili,,COVID-19 pandemisi (yoğun dönem),Berat Kandili tarihi yaklaşık (±1 gün)
2021-0204,02.04.2021,Berat Kandili,,COVID-19 pandemisi (yoğun dönem),Berat Kandili tarihi yaklaşık (±1 gün)
2021-0904,09.04.2021,Ramazan başlangıcı,,COVID-19 pandemisi (yoğun dönem),
2021-1604,16.04.2021,Ramazan başlangıcı,,COVID-19 pandemisi (yoğun dönem),
2021-2304,23.04.2021,Ramazan içi,,COVID-19 pandemisi (yoğun dönem),
2021-3004,30.04.2021,Ramazan içi,,COVID-19 pandemisi (yoğun dönem),
2021-0705,07.05.2021,Kadir Gecesi; Ramazan Bayramı,,COVID-19 pandemisi (yoğun dönem),
2021-1305,13.05.2021,Kadir Gecesi; Ramazan Bayramı,,COVID-19 pandemisi (yoğun dönem),
2021-1405,14.05.2021,Kadir Gecesi; Ramazan Bayramı,,COVID-19 pandemisi (yoğun dönem),
2021-2105,21.05.2021,,,COVID-19 pandemisi (yoğun dönem),
2021-2805,28.05.2021,,,COVID-19 pandemisi (yoğun dönem),
2021-0406,04.06.2021,,,COVID-19 pandemisi (yoğun dönem),
2021-1106,11.06.2021,,,COVID-19 pandemisi (yoğun dönem),
2021-1806,18.06.2021,,,COVID-19 pandemisi (yoğun dönem),
2021-2506,25.06.2021,,,COVID-19 pandemisi (yoğun dönem),
2021-0207,02.07.2021,,,,
2021-0907,09.07.2021,,,,
2021-1607,16.07.2021,Kurban Bayramı,,,
2021-2007,20.07.2021,Kurban Bayramı,,,
2021-2307,23.07.2021,Kurban Bayramı,,,
2021-3007,30.07.2021,,,Orman yangınları (Akdeniz-Ege),
2021-0608,06.08.2021,,,Orman yangınları (Akdeniz-Ege),
2021-1308,13.08.2021,,,,
2021-2008,20.08.2021,,,,
2021-2708,27.08.2021,,,,
2021-0309,03.09.2021,,,,
2021-1009,10.09.2021,,,,
2021-1709,17.09.2021,,,,
2021-2409,24.09.2021,,,,
2021-0110,01.10.2021,,,,
2021-0810,08.10.2021,,,,
2021-1510,15.10.2021,Mevlid Kandili,,,
2021-2210,22.10.2021,Mevlid Kandili,,,
2021-2910,29.10.2021,,,,
2021-0511,05.11.2021,,,,
2021-1211,12.11.2021,,,,
2021-1911,19.11.2021,,,,
2021-2611,26.11.2021,,,,
2021-0312,03.12.2021,,,,
2021-1012,10.12.2021,,,,
2021-1712,17.12.2021,,,Kur şoku (Aralık 2021),
2021-2412,24.12.2021,,,Kur şoku (Aralık 2021),
2021-3112,31.12.2021,,,Kur şoku (Aralık 2021),
2022-0701,07.01.2022,,,Kur şoku (Aralık 2021),
2022-1401,14.01.2022,,,Kur şoku (Aralık 2021),
2022-2101,21.01.2022,,,,
2022-2801,28.01.2022,Regaib Kandili,,,
2022-0402,04.02.2022,Regaib Kandili,,,
2022-1102,11.02.2022,,,,
2022-1802,18.02.2022,,,,
2022-2502,25.02.2022,Miraç Kandili,,,
2022-0403,04.03.2022,Miraç Kandili,,,
2022-1103,11.03.2022,,,,
2022-1803,18.03.2022,Berat Kandili,,,Berat Kandili tarihi yaklaşık (±1 gün)
2022-2503,25.03.2022,,,,
2022-0104,01.04.2022,Ramazan başlangıcı,,,
2022-0804,08.04.2022,Ramazan başlangıcı,,,
2022-1504,15.04.2022,Ramazan içi,,,
2022-2204,22.04.2022,Kadir Gecesi,,,
2022-2904,29.04.2022,Kadir Gecesi; Ramazan Bayramı,,,
2022-0205,02.05.2022,Kadir Gecesi; Ramazan Bayramı,,,
2022-0605,06.05.2022,Ramazan Bayramı,,,
2022-1305,13.05.2022,,,,
2022-2005,20.05.2022,,,,
2022-2705,27.05.2022,,,,
2022-0306,03.06.2022,,,,
2022-1006,10.06.2022,,,,
2022-1706,17.06.2022,,,,
2022-2406,24.06.2022,,,,
2022-0107,01.07.2022,,,,
2022-0807,08.07.2022,Kurban Bayramı,,,
2022-0907,09.07.2022,Kurban Bayramı,,,
2022-1507,15.07.2022,Kurban Bayramı,,,
2022-2207,22.07.2022,,,,
2022-2907,29.07.2022,,,,
2022-0508,05.08.2022,,,,
2022-1208,12.08.2022,,,,
2022-1908,19.08.2022,,,,
2022-2608,26.08.2022,,,,
2022-0209,02.09.2022,,,,
2022-0909,09.09.2022,,,,
2022-1609,16.09.2022,,,,
2022-2309,23.09.2022,,,,
2022-3009,30.09.2022,,,,
2022-0710,07.10.2022,Mevlid Kandili,,,
2022-1410,14.10.2022,,,,
2022-2110,21.10.2022,,,,
2022-2810,28.10.2022,,,,
2022-0411,04.11.2022,,,,
2022-1111,11.11.2022,,,,
2022-1811,18.11.2022,,,,
2022-2511,25.11.2022,,,,
2022-0212,02.12.2022,,,,
2022-0912,09.12.2022,,,,
2022-1612,16.12.2022,,,,
2022-2312,23.12.2022,,,,
2022-3012,30.12.2022,,,,
2023-0601,06.01.2023,,,,
2023-1301,13.01.2023,,,,
2023-2001,20.01.2023,Regaib Kandili,,,
2023-2701,27.01.2023,Regaib Kandili,,,
2023-0302,03.02.2023,,,,
2023-1002,10.02.2023,,,6 Şubat Kahramanmaraş depremleri,
2023-1702,17.02.2023,Miraç Kandili,,6 Şubat Kahramanmaraş depremleri,
2023-2402,24.02.2023,,,6 Şubat Kahramanmaraş depremleri,
2023-0303,03.03.2023,Berat Kandili,,6 Şubat Kahramanmaraş depremleri,Berat Kandili tarihi yaklaşık (±1 gün)
2023-1003,10.03.2023,Berat Kandili,,6 Şubat Kahramanmaraş depremleri,Berat Kandili tarihi yaklaşık (±1 gün)
2023-1703,17.03.2023,Ramazan başlangıcı,,6 Şubat Kahramanmaraş depremleri,
2023-2403,24.03.2023,Ramazan başlangıcı,,6 Şubat Kahramanmaraş depremleri,
2023-3103,31.03.2023,Ramazan içi,,6 Şubat Kahramanmaraş depremleri,
2023-0704,07.04.2023,Ramazan içi,,6 Şubat Kahramanmaraş depremleri,
2023-1404,14.04.2023,Kadir Gecesi,,6 Şubat Kahramanmaraş depremleri,
2023-2104,21.04.2023,Kadir Gecesi; Ramazan Bayramı,,6 Şubat Kahramanmaraş depremleri,
2023-2804,28.04.2023,,,6 Şubat Kahramanmaraş depremleri,
2023-0505,05.05.2023,,Genel + CB seçimi 1. tur öncesi (9 gün),6 Şubat Kahramanmaraş depremleri,
2023-1205,12.05.2023,,Genel + CB seçimi 1. tur öncesi (2 gün),,
2023-1905,19.05.2023,,Genel + CB seçimi 1. tur sonrası (5 gün); CB seçimi 2. tur öncesi (9 gün),,
2023-2605,26.05.2023,,Genel + CB seçimi 1. tur sonrası (12 gün); CB seçimi 2. tur öncesi (2 gün),,
2023-0206,02.06.2023,,CB seçimi 2. tur sonrası (5 gün),,
2023-0906,09.06.2023,,CB seçimi 2. tur sonrası (12 gün),,
2023-1606,16.06.2023,,,,
2023-2306,23.06.2023,Kurban Bayramı,,,
2023-2806,28.06.2023,Kurban Bayramı,,,
2023-3006,30.06.2023,Kurban Bayramı,,,
2023-0707,07.07.2023,,,,
2023-1407,14.07.2023,,,,
2023-2107,21.07.2023,,,,
2023-2807,28.07.2023,,,,
2023-0408,04.08.2023,,,,
2023-1108,11.08.2023,,,,
2023-1808,18.08.2023,,,,
2023-2508,25.08.2023,,,,
2023-0109,01.09.2023,,,,
2023-0809,08.09.2023,,,,
2023-1509,15.09.2023,,,,
2023-2209,22.09.2023,Mevlid Kandili,,,
2023-2909,29.09.2023,Mevlid Kandili,,,
2023-0610,06.10.2023,,,,
2023-1310,13.10.2023,,,,
2023-2010,20.10.2023,,,,
2023-2710,27.10.2023,,,,
2023-0311,03.11.2023,,,,
2023-1011,10.11.2023,,,,
2023-1711,17.11.2023,,,,
2023-2411,24.11.2023,,,,
2023-0112,01.12.2023,,,,
2023-0812,08.12.2023,,,,
2023-1512,15.12.2023,,,,
2023-2212,22.12.2023,,,,
2023-2912,29.12.2023,,,,
2024-0501,05.01.2024,Regaib Kandili,,,
2024-1201,12.01.2024,Regaib Kandili,,,
2024-1901,19.01.2024,,,,
2024-2601,26.01.2024,,,,
2024-0202,02.02.2024,Miraç Kandili,,,
2024-0902,09.02.2024,Miraç Kandili,,,
2024-1602,16.02.2024,,,,
2024-2302,23.02.2024,Berat Kandili,,,Berat Kandili tarihi yaklaşık (±1 gün)
2024-0103,01.03.2024,Berat Kandili,,,Berat Kandili tarihi yaklaşık (±1 gün)
2024-0803,08.03.2024,Ramazan başlangıcı,,,
2024-1503,15.03.2024,Ramazan başlangıcı,,,
2024-2203,22.03.2024,Ramazan içi,Yerel seçim öncesi (9 gün),,
2024-2903,29.03.2024,Ramazan içi,Yerel seçim öncesi (2 gün),,
2024-0504,05.04.2024,Kadir Gecesi; Ramazan Bayramı,Yerel seçim sonrası (5 gün),,
2024-1004,10.04.2024,Kadir Gecesi; Ramazan Bayramı,Yerel seçim sonrası (10 gün),,
2024-1204,12.04.2024,Kadir Gecesi; Ramazan Bayramı,Yerel seçim sonrası (12 gün),,
2024-1904,19.04.2024,,,,
2024-2604,26.04.2024,,,,
2024-0305,03.05.2024,,,,
2024-1005,10.05.2024,,,,
2024-1705,17.05.2024,,,,
2024-2405,24.05.2024,,,,
2024-3105,31.05.2024,,,,
2024-0706,07.06.2024,,,,
2024-1406,14.06.2024,Kurban Bayramı,,,
2024-1606,16.06.2024,Kurban Bayramı,,,
2024-2106,21.06.2024,Kurban Bayramı,,,
2024-2806,28.06.2024,,,,
2024-0507,05.07.2024,,,,
2024-1207,12.07.2024,,,,
2024-1907,19.07.2024,,,,
2024-2607,26.07.2024,,,,
2024-0208,02.08.2024,,,,
2024-0908,09.08.2024,,,,
2024-1608,16.08.2024,,,,
2024-2308,23.08.2024,,,,
2024-3008,30.08.2024,,,,
2024-0609,06.09.2024,,,,
2024-1309,13.09.2024,Mevlid Kandili,,,
2024-2009,20.09.2024,Mevlid Kandili,,,
2024-2709,27.09.2024,,,,
2024-0410,04.10.2024,,,,
2024-1110,11.10.2024,,,,
2024-1810,18.10.2024,,,,
2024-2510,25.10.2024,,,,
2024-0111,01.11.2024,,,,
2024-0811,08.11.2024,,,,
2024-1511,15.11.2024,,,,
2024-2211,22.11.2024,,,,
2024-2911,29.11.2024,,,,
2024-0612,06.12.2024,,,,
2024-1312,13.12.2024,,,,
2024-2012,20.12.2024,,,,
2024-2712,27.12.2024,Regaib Kandili,,,
2025-0301,03.01.2025,Regaib Kandili,,,
2025-1001,10.01.2025,,,,
2025-1701,17.01.2025,,,,
2025-2401,24.01.2025,Miraç Kandili,,,
2025-3101,31.01.2025,Miraç Kandili,,,
2025-0702,07.02.2025,,,,
2025-1402,14.02.2025,Berat Kandili,,,Berat Kandili tarihi yaklaşık (±1 gün)
2025-2102,21.02.2025,,,,
2025-2802,28.02.2025,Ramazan başlangıcı,,,
2025-0703,07.03.2025,Ramazan başlangıcı,,,
2025-1403,14.03.2025,Ramazan içi,,,
2025-2103,21.03.2025,Kadir Gecesi,,,
2025-2803,28.03.2025,Kadir Gecesi; Ramazan Bayramı,,,
2025-3003,30.03.2025,Kadir Gecesi; Ramazan Bayramı,,,
2025-0404,04.04.2025,Ramazan Bayramı,,,
2025-1104,11.04.2025,,,,
2025-1804,18.04.2025,,,,
2025-2504,25.04.2025,,,,
2025-0205,02.05.2025,,,,
2025-0905,09.05.2025,,,,
2025-1605,16.05.2025,,,,
2025-2305,23.05.2025,,,,
2025-3005,30.05.2025,,,,
2025-0606,06.06.2025,Kurban Bayramı,,,
2025-1306,13.06.2025,,,,
2025-2006,20.06.2025,,,,
2025-2706,27.06.2025,,,,
2025-0407,04.07.2025,,,,
2025-1107,11.07.2025,,,,
2025-1807,18.07.2025,,,,
2025-2507,25.07.2025,,,,
2025-0108,01.08.2025,,,,
2025-0808,08.08.2025,,,,
2025-1508,15.08.2025,,,,
2025-2208,22.08.2025,,,,
2025-2908,29.08.2025,Mevlid Kandili,,,
2025-0509,05.09.2025,Mevlid Kandili,,,
2025-1209,12.09.2025,,,,
2025-1909,19.09.2025,,,,
2025-2609,26.09.2025,,,,
2025-0310,03.10.2025,,,,
2025-1010,10.10.2025,,,,
2025-1710,17.10.2025,,,,
2025-2410,24.10.2025,,,,
2025-3110,31.10.2025,,,,
2025-0711,07.11.2025,,,,
2025-1411,14.11.2025,,,,
2025-2111,21.11.2025,,,,
2025-2811,28.11.2025,,,,
2025-0512,05.12.2025,,,,
2025-1212,12.12.2025,,,,
2025-1912,19.12.2025,,,,
2025-2612,26.12.2025,,,,
2026-0901,09.01.2026,Miraç Kandili,,,
2026-2301,23.01.2026,,,,
2026-3001,30.01.2026,Berat Kandili,,,
2026-0602,06.02.2026,Berat Kandili,,,
2026-1302,13.02.2026,Ramazan başlangıcı,,,
2026-2002,20.02.2026,Ramazan başlangıcı,,,
2026-2702,27.02.2026,Ramazan içi,,,
2026-0603,06.03.2026,Ramazan içi,,,
2026-1303,13.03.2026,Kadir Gecesi,,,
2026-2003,20.03.2026,Kadir Gecesi; Ramazan Bayramı,,,
2026-2703,27.03.2026,,,,
2026-0304,03.04.2026,,,,
2026-1004,10.04.2026,,,,
2026-1704,17.04.2026,,,,
2026-2404,24.04.2026,,,,
2026-0105,01.05.2026,,,,
2026-0805,08.05.2026,,,,
2026-1505,15.05.2026,,,,
2026-2205,22.05.2026,Kurban Bayramı,,,
2026-2705,27.05.2026,Kurban Bayramı,,,
2026-2905,29.05.2026,Kurban Bayramı,,,
2026-0506,05.06.2026,,,,
2026-1206,12.06.2026,Hicri Yılbaşı,,,
2026-1906,19.06.2026,Hicri Yılbaşı; Aşure Günü,,,
2026-2606,26.06.2026,Aşure Günü,,,
2026-0307,03.07.2026,,,,
2026-1007,10.07.2026,,,,
2026-1707,17.07.2026,,,,
