sira,tarih,yil,baslik
1,15.04.2011,2011,MERHAMET EĞİTİMİ
2,03.02.2012,2012,MEVLİD-İ NEBİ
3,13.04.2012,2012,KARDEŞLİK AHLAKI VE HUKUKU
4,19.08.2012,2012,RAMAZAN BAYRAMI
5,28.09.2012,2012,YETER Kİ GÖNÜLLER ENGELLİ OLMASIN
6,25.01.2013,2013,ALLAH’IN SEVMEDİĞİ DAVRANIŞ: İSRAF
7,08.03.2013,2013,BİR KUL OLARAK KADIN
8,15.03.2013,2013,ŞEHİTLİK VE ÇANAKKALE
9,19.04.2013,2013,İNSAN KALABİLMEK
10,21.06.2013,2013,BERATA ULAŞABİLMEK
11,27.09.2013,2013,"DAVET HEPİMİZE, HEP BİRLİKTE CAMİYE!"
12,04.10.2013,2013,KURBANLARIMIZLA PEKİŞSİN KARDEŞLİĞİMİZ
13,10.01.2014,2014,MEVLİD-İ NEBİ
14,14.02.2014,2014,AFFETMEK
15,21.02.2014,2014,KALB-İ SELİM (I)
16,21.03.2014,2014,İMTİHAN DÜNYASI
17,28.03.2014,2014,HÜRRİYET VE MESULİYET
18,23.05.2014,2014,MİRAÇ KANDİLİ
19,20.06.2014,2014,"CAMİYE KOŞALIM, KUR’AN’LA BULUŞALIM"
20,25.07.2014,2014,RAMAZAN MUHASEBESİ
21,28.07.2014,2014,RAMAZAN BAYRAMI
22,22.08.2014,2014,HAYÂ HAYATTIR!
23,04.10.2014,2014,KURBAN BAYRAMI
24,17.10.2014,2014,ARŞIN GÖLGESİNDEKİ GENÇLİK
25,07.11.2014,2014,MESCİD-İ AKSÂ KAN AĞLIYOR
26,21.11.2014,2014,HAYIR HAZİNELER DOLUSUDUR
27,05.12.2014,2014,AHİRET: HESAP VERME BİLİNCİ
28,26.06.2015,2015,TEVHİD İLE GELEN VAHDET
29,10.07.2015,2015,"KADİR GECESİ, KADİR BİLENLER İÇİNDİR"
30,07.08.2015,2015,KULLUĞUN ÖZÜ: İHSAN
31,28.08.2015,2015,HAC YOLCULUĞUNDAN HAK YOLCULUĞUNA
32,04.09.2015,2015,"KARDEŞLİĞİ KÖRELTEN AFETLER: TECESSÜS, SU-İ ZAN…"
33,11.12.2015,2015,DÜNYA-AHİRET DENGESİ
34,18.12.2015,2015,RAHMET VE MERHAMET YÜKLÜ ADALET PEYGAMBERİ
35,29.01.2016,2016,EN GÜZEL İSİMLER O’NUNDUR
36,26.02.2016,2016,ÂHİRETE İMAN
37,11.03.2016,2016,DÜNYAYI İYİLİK DEĞİŞTİRİR
38,18.03.2016,2016,ÇANAKKALE VE BİRLİK RUHU
39,29.04.2016,2016,MİRAÇ KANDİLİ
40,20.05.2016,2016,MAHREMİYETİ YİTİRMEK MAHRUMİYETTİR
41,03.06.2016,2016,GELİN GÖNÜLLER YAPALIM
42,10.06.2016,2016,KUR’AN AYI RAMAZAN
43,24.06.2016,2016,ARINMA VESİLESİ: ZEKÂT VE İNFAK
44,05.07.2016,2016,RAMAZAN BAYRAMI
45,29.07.2016,2016,"EN BÜYÜK BOZGUNCULUK, DİNİN MUAZZEZ DEĞERLERİNİ İSTİSMAR ETMEKTİR."
46,09.09.2016,2016,BAYRAM VE HZ. İBRAHİM
47,16.09.2016,2016,EBEDİ BAYRAMLARA BİRLİKTE YOL ALABİLMEK
48,14.10.2016,2016,HAYATA EMEKLE DOKUNMAK
49,11.11.2016,2016,KELİME-İ ŞEHÂDET
50,25.11.2016,2016,HAYATIN GAYESİ
51,02.12.2016,2016,YERYÜZÜNÜN KÜÇÜK VE ONURLU HALİFESİ: ÇOCUK
52,16.12.2016,2016,HER ZORLUKLA BERABER BİR KOLAYLIK VARDIR.
53,30.12.2016,2016,ÖMÜR NİMETİ
54,24.02.2017,2017,ALLAH’A SIĞINMANIN EN GÜZEL İFADESİ: MUAVVİZETEYN SURESİ
55,03.03.2017,2017,FİRDEVS CENNETİNE MİRASÇI OLMAK
56,31.03.2017,2017,"RAĞBETİMİZ, RABBİMİZE OLSUN!"
57,21.04.2017,2017,MÜMİN GÜVENEN VE GÜVENİLEN İNSANDIR
58,12.05.2017,2017,SAMİMİYETSİZLİĞİN ADI: RİYA
59,09.06.2017,2017,KUR’AN AYINDA KUR’AN’LA BULUŞALIM
60,23.06.2017,2017,ÖMRÜMÜZÜ RAMAZAN KILABİLMEK
61,14.07.2017,2017,SALÂLARIN ŞAHİT OLDUĞU DİRENİŞ: 15 TEMMUZ
62,25.08.2017,2017,ALLAH’A YAKIN OLMA ARAYIŞI: KURBAN
63,15.09.2017,2017,BİLENLERLE BİLMEYENLER BİR OLUR MU?
64,03.11.2017,2017,SÜNNET: NEBEVİ KILAVUZ
65,10.11.2017,2017,ÖRNEK İNSAN: MÜMİN
66,17.11.2017,2017,ALLAH KATINDA DİN İSLAM’DIR
67,01.12.2017,2017,GÜNEŞİN DOĞDUĞU EN HAYIRLI GÜN: CUMA
68,22.12.2017,2017,HELAL HARAM DUYARLILIĞI
69,29.12.2017,2017,EŞSİZ SERMAYEMİZ: ÖMÜR
70,02.02.2018,2018,İSLAM’IN İKİ ANA KAYNAĞI: KUR’AN VE SÜNNET
71,16.03.2018,2018,MİLLETİMİZİN VAROLUŞ MÜCADELESİ: ÇANAKKALE ZAFERİ
72,06.04.2018,2018,İYİLİK: PAYLAŞILDIKÇA ARTAN DEĞER
73,11.05.2018,2018,ADALET VE İHSAN YUVASI: AİLE
74,25.05.2018,2018,ORUÇ VE KUR’ÂN AYI RAMAZAN
75,08.06.2018,2018,"AFİYET OLSUN, İSRAF OLMASIN"
76,29.06.2018,2018,EVLADIN ANNE-BABA ÜZERİNDEKİ HAKLARINDAN BİRİ: GÜZEL İSİM
77,21.08.2018,2018,KURBAN BAYRAMI
78,07.09.2018,2018,HİCRET
79,14.09.2018,2018,MUHARREM AYI VE ÂŞÛRÂ GÜNÜ
80,21.09.2018,2018,ALLAH’IN GÜZEL İSİMLERİNDEN MÜMİNLERE MESAJLAR
81,28.09.2018,2018,CAMİLER VE DİN HİZMETİNE ADANMIŞ ÖMÜRLER
82,23.11.2018,2018,EN BÜYÜK ZENGİNLİĞİMİZ GENÇLERİMİZ
83,30.11.2018,2018,NEFİS: İYİ VE KÖTÜNÜN MÜCADELE ALANI
84,07.12.2018,2018,SELÂM: İSLÂM’IN GÜVEN VE BARIŞ ÇAĞRISI
85,28.12.2018,2018,BİR ÖMÜR SORUMLULUK BİLİNCİYLE YAŞAMAK
86,15.03.2019,2019,ÇANAKKALE ZAFERİ VE BİRLİK RUHU
87,29.03.2019,2019,MİRAÇ GECESİ
88,26.04.2019,2019,TİCARET HAYATININ BEREKETİ: İŞ AHLAKI
89,17.05.2019,2019,PEYGAMBERİMİZİN TARİFİYLE HAYIRLI MÜSLÜMAN
90,14.06.2019,2019,"CAMİLER ÇOCUK DOLSUN, AHLAKI KUR’AN OLSUN"
91,21.06.2019,2019,ALLAH’A İMAN
92,05.07.2019,2019,"NESLİN KORUNMASI: ERDEMLİ BİR NESİL, HUZURLU BİR GELECEK"
93,19.07.2019,2019,CUMA NAMAZI VE ADABI
94,02.08.2019,2019,RABBİN İÇİN KURBAN KES
95,09.08.2019,2019,MÜMİN: HUZURLU TOPLUMUN TEMİNATI
96,04.10.2019,2019,DÜNYA EVİMİZ BİZE EMANETTİR
97,11.10.2019,2019,GÜN BİRLİK VE DAYANIŞMA GÜNÜDÜR
98,01.11.2019,2019,DÜNYEVİLEŞMEK: GEÇİCİ OLANA GÖNÜL VERMEK
99,29.11.2019,2019,DİNİN ÖZÜ SAMİMİYETTİR
100,10.01.2020,2020,PEYGAMBERİMİZİN DİLİNDEN DUALAR
101,31.01.2020,2020,AFETLERE KARŞI BİLİNÇLİ OLALIM
102,07.02.2020,2020,KUDÜS İSLAM YURDUDUR
103,03.04.2020,2020,BERAT GECESİ: AF VE ARINMA VESİLESİ
104,08.05.2020,2020,"RAMAZAN: İNFAK, YARDIMLAŞMA VE PAYLAŞMA AYI"
105,22.05.2020,2020,BİR ÖMRÜ RAMAZAN GİBİ YAŞAMAK
106,29.05.2020,2020,HAMDOLSUN RABBİMİZE
107,26.06.2020,2020,YUVALARIMIZ KUR’AN İLE AYDINLANSIN
108,10.07.2020,2020,15 TEMMUZ VE BİRLİK RUHU
109,17.07.2020,2020,"KURBANINI PAYLAŞ, KARDEŞİNLE YAKINLAŞ"
110,14.08.2020,2020,ŞÜKREDEN HUZUR BULUR
111,04.09.2020,2020,"İSLAM, TEMİZLİĞİ EMREDER"
112,25.09.2020,2020,CAMİ VE İLİM
113,02.10.2020,2020,MURAKABE VE MUHASEBE BİLİNCİ
114,23.10.2020,2020,MEVLİD-İ NEBİ
115,06.11.2020,2020,MÜMİN SORUMLULUK SAHİBİDİR
116,25.12.2020,2020,İÇKİ: KÖTÜLÜĞÜN ZEHİRLİ ARKADAŞI
117,08.01.2021,2021,FÂTİHA SÛRESİ: KUR’AN’IN MUKADDİMESİ
118,15.01.2021,2021,MİRAS: HER HAK SAHİBİNE HAKKINI VERMEK
119,26.02.2021,2021,ZOR ZAMANLARDA MANEVİYATIMIZDAN DESTEK ALMAK
120,12.03.2021,2021,İSTİKLÂL MARŞI: HAKKIDIR HAKKA TAPAN MİLLETİMİN İSTİKLÂL!
121,09.04.2021,2021,RAMAZAN: KUTLU MİSAFİR
122,13.05.2021,2021,KUDÜS’ÜN ÖZGÜR OLDUĞU BAYRAMLARA
123,18.06.2021,2021,MÜSLÜMAN ŞAHSİYETİ
124,25.06.2021,2021,KUR’AN’IN MANEVÎ İKLİMİYLE BULUŞALIM
125,02.07.2021,2021,DÜĞÜNLERİMİZDE NEBEVÎ ÖLÇÜYE RİAYET EDELİM
126,20.07.2021,2021,KURBAN BAYRAMI
127,06.08.2021,2021,ZORLUKLAR BİRLİKTE AŞILIR
128,17.09.2021,2021,TİCARET HAYATINDA HELAL HARAM BİLİNCİ
129,24.09.2021,2021,TAKVA: RABBİMİZİN RIZASINI DİRİ TUTMA BİLİNCİ
130,01.10.2021,2021,MÜMİN CAMİYE VEFALIDIR
131,12.11.2021,2021,İBADET: ALLAH İLE KUL ARASINDAKİ KUTLU BAĞ
132,03.12.2021,2021,ENGELLERİ HEP BİRLİKTE VE SEVGİYLE AŞALIM
133,14.01.2022,2022,KELİME-İ ŞEHÂDET: İMANIN ÖZÜ
134,11.02.2022,2022,İSLAM’I TEMSİL SORUMLULUĞUMUZ
135,18.03.2022,2022,ÇANAKKALE ZAFERİ: BİR MİLLETİN YENİDEN DİRİLİŞİ
136,25.03.2022,2022,"AİLEMİZ: SEVGİ, RAHMET VE GÜVEN İKLİMİMİZ"
137,22.04.2022,2022,LEYLETÜ’L-KADR: İLAHİ LÜTUF VE İKRAM GECESİ
138,02.05.2022,2022,"BAYRAMIMIZ KUTLU, GÖNLÜMÜZ İMAN VE NEŞE DOLU OLSUN"
139,13.05.2022,2022,İŞ VE ÇALIŞMA AHLAKI
140,03.06.2022,2022,ÇEVREYE VEFA MÜMİNİN ŞİARIDIR
141,17.06.2022,2022,"HAYDİ KOŞ GEL, CAMİLER SENİNLE GÜZEL"
142,01.07.2022,2022,AHİRET GÜNÜ VE HESAP VERME BİLİNCİ
143,08.07.2022,2022,HAC: İLÂHİ DAVET
144,29.07.2022,2022,HİCRETİMİZ RABBİMİZE OLSUN
145,12.08.2022,2022,"İMAN, SALİH AMEL VE GÜZEL AHLAKLA KEMALE ERER"
146,26.08.2022,2022,ZAFERLERİMİZİN ARDINDAKİ RUH VE MANA
147,25.11.2022,2022,MERHAMET TOPLUMU
148,09.12.2022,2022,HAYDİ NAMAZA! HAYDİ KURTULUŞA!
149,16.12.2022,2022,ÇOCUK: RABBİMİZİN KIYMETLİ EMANETİ
150,13.01.2023,2023,EN GÜZEL İSİMLER ALLAH’A AİTTİR
151,20.01.2023,2023,ALLAH’IM! ÜÇ AYLARI BİZE BEREKETLİ KIL
152,03.02.2023,2023,İMANIN GEREĞİ: SALİH AMEL VE GÜZEL AHLAK
153,17.02.2023,2023,MİRAÇ GECEMİZ: İLÂHÎ RAHMET VE SEKÎNET VESİLEMİZ
154,24.02.2023,2023,"KARDEŞLİK, DAYANIŞMA VE DUA VAKTİ"
155,21.04.2023,2023,HAYATI RAMAZAN BİLİNCİYLE YAŞAMAK
156,26.05.2023,2023,BİRLİK VE BERABERLİK RUHU
157,02.06.2023,2023,KALPLER ALLAH’I ZİKRETMEKLE HUZURA KAVUŞUR
158,09.06.2023,2023,RABBİMİZ ÇEVRE İLE BİZLERE NE ÖĞRETİR?
159,23.06.2023,2023,BABA: CENNETE AÇILAN KAPI
160,14.07.2023,2023,"DİN SAMİMİYETTİR, İSTİSMAR İHANETTİR"
161,21.07.2023,2023,HİCRET: İDEALLER UĞRUNA ÇIKILAN KUTLU BİR SEFER
162,15.09.2023,2023,AHÎLİK: DÜRÜSTLÜK VE MERHAMETİ TİCARETE HÂKİM KILMAK
163,20.10.2023,2023,RAHMET VE SEKİNET MÜJDESİ: İNŞİRÂH SURESİ
164,17.11.2023,2023,"İMAN, İBADET VE AHLAK BÜTÜNLÜĞÜ"
165,24.11.2023,2023,"İSLAM, ŞEFKAT VE MERHAMETİ EMREDER"
166,05.01.2024,2024,RAHMET VE MAĞFİRET İKLİMİ: ÜÇ AYLAR
167,12.01.2024,2024,ALLAH’IN RAHMET VE İNAYETİNE SIĞINMANIN ADI: EÛZÜ-BESMELE
168,19.01.2024,2024,"BİZİ GÜÇLÜ KILAN, BİRLİK VE BERABERLİĞİMİZDİR"
169,02.02.2024,2024,"RABBİMİZ, MÜMİNLERİ YALNIZ VE YARDIMSIZ BIRAKMAZ"
170,08.03.2024,2024,RAMAZAN GELİYOR! HAZIR MIYIZ?
171,15.03.2024,2024,"ORUÇ, BEDENİMİZE SIHHAT, GÖNLÜMÜZE SEKİNET VERİR"
172,22.03.2024,2024,RAMAZAN VE AHİRET BİLİNCİ
173,10.04.2024,2024,"RAMAZAN BAYRAMI: BİRLİK, BERABERLİK VE KARDEŞLİK GÜNLERİ"
174,10.05.2024,2024,"MEDENİYETİMİZ, VAKIF MEDENİYETİDİR"
175,05.07.2024,2024,ZARÛRÂT-I HAMSEYİ MUHAFAZA EDELİM
176,12.07.2024,2024,15 TEMMUZ: MİLLETİMİZİN DESTANSI ZAFERİ
177,09.08.2024,2024,VEHEN: BİRLİK VE BERABERLİĞİMİZİN ÖNÜNDEKİ BÜYÜK ENGEL
178,16.08.2024,2024,ÇEVREMİZ BİZE EMANETTİR
179,25.10.2024,2024,VATAN MÜDAFAASI MUKADDESTİR
180,01.11.2024,2024,HER CANIN DOKUNULMAZLIĞI VARDIR
181,15.11.2024,2024,ÂDÂB VE ERKÂNIYLA CUMA NAMAZI
182,29.11.2024,2024,MADDİ VE MANEVİ TÜKENİŞ: KUMAR
183,06.12.2024,2024,MİRAS: SINIRLARINI ALLAH’IN BELİRLEDİĞİ HAK
184,13.12.2024,2024,HER ZORLUKTAN SONRA KOLAYLIK VARDIR
185,03.01.2025,2025,MÜMİNİN HAYATINDA UMUTSUZLUĞA YER YOKTUR
186,17.01.2025,2025,"İSLAM, VARLIK SEBEBİMİZDİR"
187,21.02.2025,2025,GAYBIN BİLGİSİ YALNIZCA ALLAH’A AİTTİR
188,07.03.2025,2025,İYİLİK AYI RAMAZAN
189,21.03.2025,2025,İNFAK VE KUR’AN AYI RAMAZAN
190,04.04.2025,2025,GÜÇLÜ BİR TOPLUMUN İNŞASINDA ANNE BABANIN ROLÜ
191,06.06.2025,2025,MÜSLÜMANIN BİR DURUŞU VARDIR
192,13.06.2025,2025,DÜĞÜN YAPMANIN DA BİR ÂDÂBI VARDIR
193,04.07.2025,2025,GEÇMİŞE İBRETLE GELECEĞE FERASETLE BAKALIM
194,18.07.2025,2025,SUYUMUZU İSRAF ETMEYELİM
195,08.08.2025,2025,SILA-İ RAHİMLE BEREKETLENEN TATİL
196,26.09.2025,2025,"PEYGAMBERİMİZ (S.A.S), CAMİ VE NAMAZ"
197,31.10.2025,2025,AİLEDE HUZURUN KAYNAĞI: MERHAMET VE MUHABBET
198,14.11.2025,2025,VATAN VE MİLLET RUHUMUZ
199,12.12.2025,2025,İNSAN: KÂİNATIN GÖZBEBEĞİ
200,19.12.2025,2025,HER ANIMIZI EBEDİ KAZANCA DÖNÜŞTÜREBİLİRİZ
